Day,fee_Wei,Price_Eth,Eth_Tx_fee_USD,fee_tinybar,Price_hbar,Hedera_Tx_fee_USD,Eth_Tx_fee_USD_Age
13.09.19,8.71E+20,181.56,158164.507,1881346044,0.090177,1.696541422,0
14.09.19,9.56E+20,188.9,180543.9306,55192841484,0.090177,49.77124867,0
15.09.19,9.70E+20,189.48,183756.7363,86298588278,0.090177,77.82147795,0
16.09.19,1.01E+21,197.85,199711.959,38201959639,0.090177,34.44938114,0
17.09.19,1.22E+21,207.9,254287.6337,55253308303,0.090177,49.82577583,0
18.09.19,1.30E+21,210.5,272638.0092,39774454830,0.086921,34.57235388,0
19.09.19,1.46E+21,221.01,322779.5901,41583831069,0.057924,24.08701831,0
20.09.19,1.47E+21,218.26,320409.0917,88380521504,0.05249,46.39093574,0
21.09.19,1.15E+21,215.1,248218.1389,1.42E+11,0.048021,68.29185472,103.3720054
22.09.19,8.95E+20,211.23,189089.243,1.37E+11,0.039735,54.42883372,55.16097576
23.09.19,1.31E+21,200.97,264230.1747,1.15E+11,0.037645,43.38904233,10.43322278
24.09.19,1.54E+21,166.47,256643.8467,99124590046,0.029641,29.38151974,21.19229822
25.09.19,1.63E+21,170.22,277081.2985,1.05E+11,0.030202,31.82202884,11.9901355
26.09.19,1.22E+21,166.06,202492.4865,1.44E+11,0.028966,41.68867663,40.73374051
27.09.19,1.24E+21,174.39,216172.1217,1.70E+11,0.036991,62.73826125,44.37392102
28.09.19,1.21E+21,174.14,211509.9086,1.71E+11,0.039928,68.46977289,25.8387014
29.09.19,1.13E+21,169.68,192058.3937,1.63E+11,0.035776,58.22352593,15.81750152
30.09.19,1.01E+21,181.47,184145.1388,1.66E+11,0.038021,63.19828557,9.147815957
01.10.19,5.11E+20,176.39,90050.4957,2.10E+11,0.038491,80.82674406,9.171374208
02.10.19,4.85E+20,181.06,87833.25274,2.13E+11,0.037578,79.88086597,15.1207106
03.10.19,6.44E+20,175.17,112859.978,2.36E+11,0.037682,89.09446898,19.44299784
04.10.19,4.95E+20,176.21,87260.36789,1.95E+11,0.038763,75.41107942,10.14623908
05.10.19,4.27E+20,176.9,75613.52207,1.62E+11,0.041894,67.99937132,11.31126008
06.10.19,3.91E+20,170.26,66505.46131,1.72E+11,0.03841,66.24288017,59.14056884
07.10.19,4.39E+20,180.49,79155.81398,2.09E+11,0.038178,79.63658946,10.86718636
08.10.19,4.67E+20,181.09,84532.11116,2.00E+11,0.038802,77.48063076,11.00659392
09.10.19,5.70E+20,193.43,110192.2535,2.36E+11,0.039021,91.95859833,9.663914315
10.10.19,4.99E+20,191.73,95642.21807,2.44E+11,0.03834,93.59754473,8.639365963
11.10.19,4.70E+20,180.94,85026.67003,2.93E+11,0.036064,105.6154026,9.798188238
12.10.19,3.92E+20,180.09,70506.06041,1.36E+11,0.034988,47.409095,12.90269288
13.10.19,3.76E+20,181.37,68262.64135,1.15E+11,0.033109,38.03740104,6.498792801
14.10.19,4.45E+20,186.96,83140.33631,1.16E+11,0.037348,43.23754475,7.43710934
15.10.19,4.67E+20,180.74,84388.36417,1.28E+11,0.037829,48.32216275,10.02312065
16.10.19,4.55E+20,174.76,79594.36612,1.23E+11,0.037631,46.44300145,10.58908931
17.10.19,4.32E+20,177.5,76593.29052,1.11E+11,0.035072,38.94229802,10.51831858
18.10.19,4.63E+20,173.29,80184.19121,73912578114,0.033873,25.03640758,8.782232349
19.10.19,4.13E+20,172.37,71253.6189,61003619931,0.033564,20.47525499,12.36199758
20.10.19,4.46E+20,175.84,78369.02466,60130548931,0.032826,19.73845399,12.5234828
21.10.19,4.64E+20,174.64,81056.35215,82524813412,0.033216,27.41144202,10.47213405
22.10.19,5.35E+20,171.64,91855.74686,89763256844,0.031553,28.32300043,11.47796377
23.10.19,6.90E+20,162.72,112222.7351,1.19E+11,0.028082,33.33287843,12.76730935
24.10.19,5.34E+20,161.07,86047.59268,1.10E+11,0.028932,31.72574005,11.90712729
25.10.19,5.64E+20,181.79,102453.78,1.55E+11,0.030687,47.70531591,9.193936318
26.10.19,5.58E+20,180.16,100569.9146,77181134927,0.030738,23.72393725,8.69919359
27.10.19,4.44E+20,184.34,81837.29951,65195265399,0.031685,20.65711984,11.80902652
28.10.19,5.34E+20,182.09,97321.88299,61619416020,0.031716,19.54321398,9.004002133
29.10.19,5.52E+20,191.11,105572.1152,1.02E+11,0.033962,34.50155224,8.614347125
30.10.19,5.63E+20,183.52,103246.8296,64913153452,0.03278,21.2785317,7.921377317
31.10.19,5.35E+20,182.59,97730.17069,1.36E+11,0.033367,45.23902981,13.63195537
01.11.19,4.92E+20,183.4,90174.33768,63037108698,0.034728,21.89152711,7.615306174
02.11.19,3.92E+20,183.45,71932.30558,56583231343,0.034512,19.5280048,10.05959791
03.11.19,4.11E+20,181.92,74791.60809,62640111724,0.036861,23.08977158,7.104161892
04.11.19,4.80E+20,186.49,89507.36511,1.16E+11,0.036526,42.29962946,10.31146674
05.11.19,5.08E+20,188.96,95930.33976,89695346739,0.036344,32.59887682,9.162667747
06.11.19,4.64E+20,191.24,88720.8392,1.17E+11,0.034289,39.98510583,10.26373066
07.11.19,6.61E+20,186.54,123232.8438,1.09E+11,0.032896,35.98688065,9.630240394
08.11.19,5.01E+20,183.85,92070.51009,1.35E+11,0.032929,44.38810314,8.358800076
09.11.19,4.16E+20,185.11,76986.48703,1.47E+11,0.036934,54.46848724,7.279080238
10.11.19,4.03E+20,189.29,76354.6739,67209457536,0.035468,23.8378504,7.245534253
11.11.19,4.99E+20,184.91,92209.6582,58695326693,0.034571,20.29156139,6.065186724
12.11.19,4.81E+20,187.09,90032.11331,1.30E+11,0.035205,45.61714489,5.470684499
13.11.19,4.93E+20,188.1,92661.23221,1.28E+11,0.03514,45.08506039,6.036583326
14.11.19,4.97E+20,184.68,91831.71322,1.19E+11,0.034136,40.5658075,6.037435523
15.11.19,4.80E+20,180.03,86350.21701,65218745602,0.032503,21.19804888,5.962205635
16.11.19,3.80E+20,182.61,69382.94449,52059809610,0.033018,17.18910794,6.640401731
17.11.19,4.02E+20,184.2,74068.94011,56430793421,0.032866,18.54654457,6.756237371
18.11.19,6.18E+20,178.23,110186.1425,59332803164,0.031089,18.44597518,6.319390277
19.11.19,5.15E+20,175.96,90545.53103,86031379673,0.030538,26.27226272,7.23666731
20.11.19,5.09E+20,174.68,88841.75998,70366977469,0.029501,20.75896202,6.596897969
21.11.19,7.65E+20,161.18,123281.7976,72438199365,0.027417,19.86038112,7.431623852
22.11.19,1.25E+21,150.22,187417.2786,81040814791,0.026378,21.37694613,7.423218688
23.11.19,4.27E+20,152.42,65059.67706,67906505855,0.025816,17.53074355,7.35099195
24.11.19,4.26E+20,140.42,59842.85318,68603923473,0.024539,16.83471678,7.171171319
25.11.19,9.83E+20,146.22,143800.3354,71688471877,0.024146,17.30989842,5.669240597
26.11.19,6.86E+20,148,101500.7999,69468841483,0.024528,17.03931744,6.743398612
27.11.19,5.50E+20,153.05,84105.28093,68026109226,0.02432,16.54394976,7.39394928
28.11.19,5.45E+20,151.31,82489.86087,77380601520,0.025187,19.4898521,6.034319246
29.11.19,4.67E+20,154.94,72302.70252,76229360947,0.026047,19.85546165,10.56739256
30.11.19,4.06E+20,152.2,61803.83745,53554094154,0.024913,13.34193148,11.22510667
01.12.19,4.91E+20,151.36,74384.76739,54423258564,0.025456,13.8539847,6.760304345
02.12.19,5.02E+20,149.36,74932.17785,71992346729,0.024585,17.69931844,6.818766553
03.12.19,4.36E+20,147.73,64389.11695,66717524585,0.024309,16.21836305,5.732617378
04.12.19,4.86E+20,145.73,70832.43866,56984578313,0.023123,13.17654404,5.071888711
05.12.19,4.18E+20,148.32,61931.80353,56299655421,0.022766,12.81717955,4.468577403
06.12.19,3.72E+20,149.06,55523.87395,96523564467,0.024121,23.28244899,7.788297854
07.12.19,3.09E+20,147.79,45663.22323,56116351422,0.024962,14.00776364,7.148929524
08.12.19,2.65E+20,151.06,40045.78321,45686657466,0.027448,12.54007374,6.097083784
09.12.19,3.81E+20,147.68,56330.38395,77698284768,0.025427,19.75634287,5.901682882
10.12.19,4.19E+20,145.92,61102.27525,72383111506,0.023482,16.99700224,7.97221767
11.12.19,4.29E+20,143.61,61590.42118,57062490289,0.024717,14.10413572,16.44552089
12.12.19,4.19E+20,145.05,60794.44888,90620015913,0.023438,21.23951933,11.0076836
13.12.19,3.99E+20,144.97,57816.08151,58499158267,0.023446,13.71571265,14.55887202
14.12.19,3.41E+20,142.18,48469.51838,62592060084,0.023411,14.65342719,14.00497453
15.12.19,3.52E+20,142.74,50267.78274,55593894484,0.022882,12.72099494,13.77935878
16.12.19,5.02E+20,132.68,66650.58404,69327369486,0.021066,14.60450366,16.97877412
17.12.19,6.68E+20,122.11,81533.55542,66523538669,0.018593,12.36872154,9.980173414
18.12.19,5.70E+20,133.07,75897.09633,66815290613,0.019582,13.08377021,12.24035099
19.12.19,4.31E+20,128.31,55362.83642,89641738326,0.018295,16.39995603,8.171785547
20.12.19,4.38E+20,128.58,56354.35817,90057532275,0.018944,17.06049891,9.428562567
21.12.19,3.43E+20,127.52,43723.32614,1.54E+11,0.018521,28.53720883,14.66136854
22.12.19,3.22E+20,132.56,42673.43849,1.31E+11,0.01864,24.33769059,29.51352621
23.12.19,4.30E+20,128.1,55141.95187,1.48E+11,0.015638,23.10011214,30.11741646
24.12.19,3.73E+20,128.02,47755.51011,1.33E+11,0.015223,20.21473628,11.26310292
25.12.19,3.58E+20,125.1,44733.46142,1.28E+11,0.014855,18.94895651,14.12309722
26.12.19,3.66E+20,125.73,45972.12064,1.45E+11,0.014752,21.33956628,17.99989724
27.12.19,3.55E+20,126.5,44956.23865,1.70E+11,0.014297,24.33681068,23.04130007
28.12.19,3.05E+20,128.21,39165.99831,1.35E+11,0.014255,19.26492389,12.97913919
29.12.19,2.94E+20,134.55,39507.87781,1.31E+11,0.013135,17.18647686,16.49528983
30.12.19,3.53E+20,131.41,46377.40966,1.40E+11,0.011466,16.05305114,10.33557668
31.12.19,3.74E+20,128.91,48205.74415,1.39E+11,0.010219,14.21568173,9.653457815
01.01.20,3.00E+20,130.6,39200.67365,1.25E+11,0.010439,13.09881818,9.596829651
02.01.20,2.90E+20,127.18,36870.21298,1.43E+11,0.01008,14.45830804,10.21826064
03.01.20,3.42E+20,134.25,45888.02526,1.47E+11,0.010383,15.25371075,15.07074254
04.01.20,2.76E+20,134.33,37046.69308,1.28E+11,0.011203,14.39069792,11.1478163
05.01.20,2.68E+20,135.44,36241.82447,1.21E+11,0.01176,14.20395795,10.90756276
06.01.20,3.65E+20,144.28,52681.01917,1.24E+11,0.011342,14.10172731,10.79204671
07.01.20,3.51E+20,143.18,50315.8244,1.79E+11,0.011037,19.76605136,12.51711963
08.01.20,4.24E+20,140.66,59626.41794,1.12E+11,0.010276,11.55793019,11.79950683
09.01.20,3.46E+20,137.9,47679.79936,1.00E+11,0.010173,10.22328554,10.71528265
10.01.20,4.11E+20,144.88,59609.18839,94861423057,0.010616,10.07048867,8.190169222
11.01.20,3.13E+20,142.69,44667.26951,1.11E+11,0.011411,12.66850385,8.177297579
12.01.20,2.89E+20,146.55,42299.19077,99080890413,0.010985,10.88403581,13.25608882
13.01.20,3.44E+20,143.7,49377.80963,1.18E+11,0.010567,12.483279,7.908989142
14.01.20,5.05E+20,165.86,83777.14492,1.38E+11,0.010293,14.25242023,18.31786135
15.01.20,4.07E+20,166.22,67617.98375,1.13E+11,0.010417,11.80759425,11.37471838
16.01.20,3.43E+20,164.09,56230.18538,1.16E+11,0.011488,13.33605009,9.493641702
17.01.20,3.70E+20,169.74,62756.64173,1.76E+11,0.011686,20.56139638,8.746183636
18.01.20,3.45E+20,174,60021.54007,1.11E+11,0.011912,13.17276109,10.39276755
19.01.20,3.25E+20,166.94,54179.86795,88687420944,0.010846,9.619037676,11.12210084
20.01.20,2.97E+20,166.77,49461.51987,97957564258,0.010573,10.35705327,14.40381955
21.01.20,2.74E+20,169.36,46449.55627,66091689886,0.010433,6.895346006,7.714217802
22.01.20,2.53E+20,167.79,42438.54717,1.39E+11,0.010779,14.96518247,7.591346742
23.01.20,2.56E+20,162.63,41604.27129,2.04E+11,0.010185,20.78661358,8.008221652
24.01.20,2.51E+20,162.45,40852.31646,1.15E+11,0.0111,12.81148752,9.526385436
25.01.20,1.90E+20,160.36,30489.50831,1.32E+11,0.012091,15.97155309,15.33572385
26.01.20,1.93E+20,167.72,32442.11107,93591288167,0.011672,10.92397515,22.42944888
27.01.20,2.34E+20,169.95,39851.3387,1.06E+11,0.01141,12.04001621,17.98282532
28.01.20,2.61E+20,176,45854.90568,96950743783,0.011541,11.18908534,73.90591517
29.01.20,2.69E+20,173.55,46756.57086,1.09E+11,0.011618,12.63960892,115.5519369
30.01.20,3.09E+20,184.47,57033.28679,1.49E+11,0.011953,17.83785682,43.77461406
31.01.20,3.05E+20,179.76,54884.83196,1.28E+11,0.013177,16.87150937,30.4570107
01.02.20,2.74E+20,183.66,50359.85932,2.03E+11,0.013359,27.11432963,29.28509352
02.02.20,2.78E+20,188.39,52391.79106,1.85E+11,0.013144,24.25439023,25.66460783
03.02.20,3.22E+20,189.77,61107.15773,1.84E+11,0.015731,29.00111563,30.98445302
04.02.20,3.56E+20,188.44,67033.52343,1.64E+11,0.018202,29.82008288,34.81608266
05.02.20,4.38E+20,203.85,89337.17316,1.85E+11,0.02279,42.2387661,51.47139737
06.02.20,4.85E+20,212.88,103246.9875,1.67E+11,0.020701,34.57545556,69.21209213
07.02.20,4.88E+20,223.14,108852.2226,1.84E+11,0.021144,38.94110228,38.89144218
08.02.20,3.95E+20,223.2,88247.57725,1.95E+11,0.018495,36.04211818,23.13683159
09.02.20,3.68E+20,228.6,84213.3284,1.89E+11,0.020632,38.90806515,26.60175741
10.02.20,3.92E+20,223.11,87424.11485,2.32E+11,0.018958,43.90771687,73.63919327
11.02.20,4.26E+20,237.8,101201.7094,2.45E+11,0.03405,83.28871031,30.57641218
12.02.20,5.92E+20,266.13,157532.0269,2.21E+11,0.06899,152.3973237,28.87461361
13.02.20,5.42E+20,268.56,145605.7174,1.99E+11,0.055412,110.2715259,68.5190556
14.02.20,5.23E+20,285.79,149475.7785,2.14E+11,0.054589,116.6736736,23.31261192
15.02.20,4.98E+20,264.85,131955.5083,2.09E+11,0.048154,100.6793943,14.55533229
16.02.20,5.93E+20,259.43,153917.5063,2.24E+11,0.051754,115.8058044,18.00460546
17.02.20,4.81E+20,268.07,128810.606,2.11E+11,0.05164,108.7631728,18.86486718
18.02.20,4.49E+20,282.92,127071.9141,2.17E+11,0.050902,110.3963703,20.2449103
19.02.20,4.89E+20,258.72,126579.8211,1.95E+11,0.046493,90.65667687,57.33862228
20.02.20,5.15E+20,257.7,132739.4442,2.05E+11,0.046309,95.13741635,63.87256171
21.02.20,3.43E+20,265.6,90992.60571,2.02E+11,0.0465,94.05641412,62.23122022
22.02.20,3.06E+20,262.31,80310.40903,1.85E+11,0.04542,83.80232882,25.78901247
23.02.20,3.62E+20,275.64,99704.91148,1.97E+11,0.042754,84.42934572,38.90751235
24.02.20,4.09E+20,265.74,108761.8833,2.17E+11,0.037868,82.11373448,26.06279225
25.02.20,4.76E+20,246.84,117491.9294,2.67E+11,0.035714,95.24132001,26.78924337
26.02.20,8.48E+20,223.73,189689.7675,2.60E+11,0.032688,84.92012883,31.52578839
27.02.20,5.47E+20,227.57,124440.1343,2.58E+11,0.036332,93.71894072,68.15324867
28.02.20,4.65E+20,227.56,105926.3455,2.38E+11,0.035126,83.53950871,31.06036463
29.02.20,3.26E+20,217.68,71030.51785,2.25E+11,0.034373,77.22901591,28.25535155
01.03.20,3.45E+20,218.02,75202.86504,4.03E+11,0.034289,138.1253645,27.63331361
02.03.20,3.54E+20,232.09,82273.17549,3.20E+11,0.038278,122.4524546,22.32200988
03.03.20,3.74E+20,223.77,83608.8438,2.54E+11,0.041513,105.6032007,45.45065067
04.03.20,3.77E+20,224.68,84779.0234,2.40E+11,0.041862,100.4432465,48.74043277
05.03.20,4.35E+20,228.7,99374.55026,2.61E+11,0.045718,119.4911372,29.09064256
06.03.20,4.02E+20,245.76,98697.62965,2.23E+11,0.058481,130.26962,31.25580279
07.03.20,3.69E+20,237.78,87821.17351,2.03E+11,0.055962,113.5147957,47.39561411
08.03.20,6.81E+20,199.68,136039.7326,2.04E+11,0.050579,103.3216671,35.38859092
09.03.20,7.48E+20,203.08,151888.012,2.45E+11,0.045304,110.7959067,49.83485341
10.03.20,4.71E+20,200.62,94403.76984,3.17E+11,0.044889,142.126816,100.4781072
11.03.20,5.87E+20,194.86,114417.3364,3.15E+11,0.048026,151.3472546,87.16553236
12.03.20,5.11E+21,109.78,561301.0647,3.45E+11,0.026671,92.01710206,137.6015551
13.03.20,4.90E+21,135.44,664265.3405,3.75E+11,0.03572,133.9249982,105.4578282
14.03.20,5.86E+20,122.58,71824.87711,3.44E+11,0.042077,144.7408995,90.15892766
15.03.20,5.23E+20,123.53,64647.7321,3.00E+11,0.041017,122.9882741,86.09315567
16.03.20,1.46E+21,111.32,162348.872,3.80E+11,0.036296,138.0561463,74.54429261
17.03.20,7.60E+20,116.3,88336.92413,4.30E+11,0.037449,161.0938195,70.61012349
18.03.20,6.14E+20,118.62,72803.60985,4.34E+11,0.035982,156.1885481,72.1841732
19.03.20,8.88E+20,136.7,121412.0385,4.28E+11,0.0404,173.0350381,70.15481396
20.03.20,7.24E+20,133.4,96567.75644,4.28E+11,0.038077,163.1069782,84.08397977
21.03.20,5.17E+20,132.72,68669.3977,4.86E+11,0.03705,180.1136618,100.1641347
22.03.20,5.00E+20,122.44,61262.22311,5.25E+11,0.033452,175.658782,609.1805754
23.03.20,5.90E+20,136.74,80730.07613,5.53E+11,0.034045,188.424133,159.3622017
24.03.20,5.61E+20,139.07,78074.32243,5.62E+11,0.033712,189.5750858,119.4872705
25.03.20,5.48E+20,136.28,74687.28174,5.89E+11,0.033912,199.7908021,188.6276398
26.03.20,5.26E+20,138.97,73127.02347,6.32E+11,0.033992,214.876933,256.146463
27.03.20,4.92E+20,131.51,64638.29509,6.71E+11,0.032301,216.8812454,296.8202316
28.03.20,4.03E+20,131.34,52888.34869,6.72E+11,0.030996,208.4316098,174.2554244
29.03.20,3.52E+20,124.55,43838.12233,7.19E+11,0.030711,220.7676919,188.5390174
30.03.20,4.53E+20,132.31,59992.15141,6.00E+11,0.031927,191.4684211,144.4198304
31.03.20,5.01E+20,133.17,66661.82698,6.06E+11,0.031963,193.5523075,160.3862902
01.04.20,4.58E+20,136.05,62273.99439,7.52E+11,0.032449,243.9052866,141.5017134
02.04.20,5.22E+20,141.59,73852.81646,5.98E+11,0.033248,198.8537164,158.3348596
03.04.20,4.86E+20,141.45,68805.63452,5.43E+11,0.033803,183.5082034,127.6168658
04.04.20,3.64E+20,144.49,52555.87519,5.32E+11,0.03336,177.5458198,164.8102147
05.04.20,3.52E+20,142.88,50353.59722,5.53E+11,0.032673,180.7448692,117.0794882
06.04.20,6.42E+20,171.62,110112.9894,5.41E+11,0.034797,188.3664996,130.2913498
07.04.20,5.82E+20,164.66,95824.99316,5.30E+11,0.03343,177.3126632,182.2750219
08.04.20,5.11E+20,173.41,88653.69855,4.93E+11,0.033654,166.0792556,536.7368876
09.04.20,4.90E+20,169.92,83304.85923,4.54E+11,0.036648,166.3450241,324.1598045
10.04.20,5.20E+20,158.12,82286.36156,4.69E+11,0.032864,154.1954701,187.4641595
11.04.20,3.99E+20,158.67,63318.52404,5.45E+11,0.0328,178.6010213,306.6956918
12.04.20,3.68E+20,158.75,58389.91709,5.21E+11,0.033546,174.7920599,179.044639
13.04.20,4.96E+20,156.82,77757.98368,4.50E+11,0.032546,146.4345929,190.8316852
14.04.20,5.25E+20,158.6,83314.70438,4.52E+11,0.032933,149.0116124,209.1956079
15.04.20,4.93E+20,152.85,75386.92979,4.99E+11,0.032105,160.2798753,257.6868781
16.04.20,6.94E+20,172.58,119741.2702,4.98E+11,0.032804,163.3062621,339.9852349
17.04.20,5.28E+20,170.98,90286.79242,5.56E+11,0.032725,181.8430689,330.3610357
18.04.20,5.84E+20,187.81,109735.6119,5.94E+11,0.03405,202.1541773,338.2732687
19.04.20,5.13E+20,180.34,92548.53075,6.26E+11,0.033086,207.1690734,372.8796809
20.04.20,6.62E+20,170.6,112953.3783,5.52E+11,0.031082,171.5096893,413.8595064
21.04.20,6.97E+20,171,119231.7684,5.35E+11,0.031136,166.5261362,288.5839475
22.04.20,6.58E+20,183.04,120391.5816,5.46E+11,0.032559,177.9319946,329.4729437
23.04.20,6.93E+20,185.68,128723.6343,5.63E+11,0.032534,183.326894,301.0411801
24.04.20,6.63E+20,187.7,124445.4713,5.63E+11,0.033082,186.3295904,226.0514153
25.04.20,5.69E+20,194.39,110536.1088,5.72E+11,0.033225,189.9958945,216.538929
26.04.20,6.36E+20,197.78,125737.3077,4.87E+11,0.034154,166.256576,321.8945099
27.04.20,6.52E+20,196.78,128231.6651,5.17E+11,0.034034,175.9574543,384.6257217
28.04.20,5.98E+20,196.86,117672.8458,5.41E+11,0.033878,183.4298773,347.3588567
29.04.20,9.78E+20,215.55,210881.6188,5.86E+11,0.035295,206.6916402,314.3297171
30.04.20,1.28E+21,206.27,263210.8672,6.33E+11,0.035395,223.9281111,308.4363944
01.05.20,6.82E+20,211.98,144626.0104,5.14E+11,0.04229,217.2780772,352.782612
02.05.20,5.19E+20,214.15,111208.4203,5.07E+11,0.043886,222.6531433,294.9014033
03.05.20,6.02E+20,210.06,126451.2846,3.09E+11,0.039337,121.4443228,467.2107552
04.05.20,7.43E+20,206.94,153667.7043,4.23E+11,0.041776,176.6465352,359.4322697
05.05.20,7.79E+20,205.48,160113.9089,5.85E+11,0.039931,233.7320632,388.5747972
06.05.20,9.43E+20,199.1,187733.1907,5.71E+11,0.039009,222.5743267,286.4888006
07.05.20,1.17E+21,212.37,247450.5659,5.38E+11,0.039614,213.0993359,401.3704865
08.05.20,1.14E+21,211.54,241937.4491,4.92E+11,0.039511,194.2728255,460.8908807
09.05.20,9.42E+20,210.1,197899.7749,4.82E+11,0.039154,188.5878714,431.3937936
10.05.20,1.70E+21,187.84,320124.6026,5.38E+11,0.034362,184.9853452,385.6206256
11.05.20,1.30E+21,185.88,242058.7396,5.60E+11,0.03374,188.8172348,201.7040314
12.05.20,1.46E+21,189.9,277761.3536,5.75E+11,0.035416,203.5348002,305.5050201
13.05.20,1.86E+21,199.85,370857.8097,5.58E+11,0.035416,197.5891919,280.4970254
14.05.20,2.25E+21,203.32,457297.477,5.65E+11,0.037655,212.6693757,444.0444793
15.05.20,1.70E+21,194.65,331667.9698,4.93E+11,0.035891,177.0583764,285.4971782
16.05.20,1.38E+21,200.51,276950.5994,6.52E+11,0.035903,233.9649221,281.8810771
17.05.20,1.49E+21,206.98,307366.9339,5.36E+11,0.035931,192.4377143,209.7423585
18.05.20,2.00E+21,214.73,429752.9617,5.30E+11,0.03617,191.6299606,207.7089878
19.05.20,1.79E+21,214.63,383190.4888,5.27E+11,0.035989,189.6822278,276.0505167
20.05.20,2.07E+21,209.85,433468.251,5.29E+11,0.038239,202.1558634,297.2259745
21.05.20,2.81E+21,198.56,557813.0537,5.28E+11,0.036022,190.2325133,233.9178425
22.05.20,1.93E+21,207.28,401011.2939,5.40E+11,0.037605,203.2158349,215.8402124
23.05.20,1.23E+21,206.7,254290.6156,5.31E+11,0.037027,196.442954,245.1318227
24.05.20,1.62E+21,199.78,322665.3277,5.23E+11,0.037467,195.7728686,183.1822296
25.05.20,2.09E+21,204.1,425652.0432,5.15E+11,0.039518,203.5627075,171.1337139
26.05.20,2.14E+21,201.03,430462.5949,5.10E+11,0.044805,228.7156859,162.6847054
27.05.20,2.33E+21,208.34,484436.5137,5.32E+11,0.048775,259.2655536,172.7113316
28.05.20,2.26E+21,220.3,497099.7805,4.80E+11,0.045089,216.5357421,264.3963362
29.05.20,1.96E+21,220.56,432868.3258,5.21E+11,0.04518,235.4737191,269.0582872
30.05.20,1.90E+21,243.57,461947.1757,5.05E+11,0.045815,231.5575733,192.1743462
31.05.20,1.57E+21,231.73,364276.367,5.24E+11,0.043655,228.5376085,146.063614
01.06.20,1.80E+21,248.21,446067.1755,4.37E+11,0.043648,190.8823172,285.4674305
02.06.20,2.08E+21,237.81,495700.4976,5.04E+11,0.042594,214.625627,179.2847554
03.06.20,1.62E+21,244.56,396534.8973,5.30E+11,0.043241,229.3812958,167.5503751
04.06.20,1.74E+21,243.35,422998.0384,5.14E+11,0.04494,231.0724781,203.6654266
05.06.20,1.82E+21,240.08,436994.4208,7.71E+11,0.044236,341.1315798,247.9075406
06.06.20,2.06E+21,242.08,499140.0387,5.08E+11,0.044033,223.8295174,161.110703
07.06.20,2.24E+21,244.75,548775.7513,4.99E+11,0.043955,219.300192,162.1608809
08.06.20,2.27E+21,246.47,559116.8657,4.94E+11,0.04406,217.7001683,179.8881161
09.06.20,2.15E+21,244,525227.6148,5.01E+11,0.043595,218.4657907,177.2958947
10.06.20,1.30E+22,248.01,3231220.156,5.05E+11,0.045139,227.8322144,162.4453761
11.06.20,1.54E+22,230.21,3539432.314,4.97E+11,0.040137,199.6000328,158.8976867
12.06.20,2.05E+21,237.54,486512.8237,5.55E+11,0.042242,234.4095767,165.2619541
13.06.20,1.59E+21,238.21,379041.6406,5.34E+11,0.042406,226.2803914,176.2331019
14.06.20,1.34E+21,231.61,310386.7137,6.06E+11,0.041064,248.8943716,283.906187
15.06.20,2.53E+21,230.98,584875.7671,6.28E+11,0.040799,256.2198251,321.4978625
16.06.20,2.31E+21,235.35,542903.3568,6.15E+11,0.041548,255.3632082,275.10151
17.06.20,2.42E+21,233.76,566439.5562,6.38E+11,0.042596,271.8228245,251.5000785
18.06.20,2.23E+21,231.24,515012.8068,5.70E+11,0.04553,259.5274519,257.6535045
19.06.20,2.48E+21,228.71,566407.5582,5.80E+11,0.044003,255.0216631,304.809804
20.06.20,1.95E+21,228.89,446556.9585,5.72E+11,0.043759,250.3529477,326.0712216
21.06.20,1.99E+21,227.83,453667.3691,5.37E+11,0.043497,233.398187,225.3187579
22.06.20,2.85E+21,243.3,692484.3769,5.33E+11,0.04372,233.1367373,272.824508
23.06.20,3.20E+21,243.16,777048.5025,5.48E+11,0.042136,231.0150726,245.5068238
24.06.20,3.31E+21,234.56,776470.3788,5.69E+11,0.041614,236.5986451,260.1166113
25.06.20,2.95E+21,232.35,684460.9354,5.77E+11,0.040747,235.0955693,315.3194534
26.06.20,2.69E+21,229.46,616785.3645,5.75E+11,0.039413,226.4691432,396.5516512
27.06.20,2.52E+21,220.81,556008.3117,5.91E+11,0.037505,221.4763013,452.6313041
28.06.20,2.42E+21,224.99,545113.1769,6.33E+11,0.038297,242.4631009,359.4765376
29.06.20,2.70E+21,227.86,614366.7217,4.90E+11,0.038477,188.3458989,311.1737612
30.06.20,3.61E+21,225.58,813567.2376,3.40E+11,0.038417,130.5704945,304.6867756
01.07.20,3.22E+21,231.05,744568.672,6.87E+11,0.038781,266.5305821,349.0022002
02.07.20,2.91E+21,226.49,657998.5224,5.35E+11,0.038249,204.8095207,466.0808995
03.07.20,3.02E+21,225.15,680609.9461,5.34E+11,0.039729,212.0322775,480.2663425
04.07.20,2.25E+21,229.34,515753.4448,5.01E+11,0.041137,205.8965303,522.1240195
05.07.20,2.10E+21,228.03,479797.5252,5.05E+11,0.039509,199.6841629,499.4090394
06.07.20,2.72E+21,241.76,658372.279,5.09E+11,0.040226,204.9441094,410.3292263
07.07.20,2.77E+21,239.35,662129.9424,5.17E+11,0.040547,209.5857781,398.5828056
08.07.20,3.60E+21,247.11,889297.1427,5.12E+11,0.041844,214.4397742,360.8790803
09.07.20,3.26E+21,242.08,789596.5329,4.85E+11,0.040797,198.0410621,410.1497296
10.07.20,2.56E+21,241.21,617144.3131,5.11E+11,0.041218,210.722669,439.8573565
11.07.20,2.25E+21,239.25,537856.9953,4.99E+11,0.041423,206.570084,422.1317987
12.07.20,2.11E+21,242.84,512406.5855,4.95E+11,0.042611,210.8710428,936.0454114
13.07.20,3.60E+21,239.53,862598.8748,4.85E+11,0.041217,199.7344525,476.3255174
14.07.20,2.99E+21,240.44,719236.6658,5.11E+11,0.040685,207.9293299,397.5597203
15.07.20,3.59E+21,238.42,855588.6369,4.90E+11,0.040554,198.5771969,431.4861918
16.07.20,3.87E+21,233.61,903078.8133,4.87E+11,0.038954,189.5161565,431.5064307
17.07.20,3.97E+21,232.77,924662.5778,4.85E+11,0.039378,191.0004183,356.3522758
18.07.20,3.64E+21,235.84,859190.932,4.81E+11,0.039886,191.7495577,347.8084363
19.07.20,3.94E+21,239.22,943288.5227,4.80E+11,0.039961,191.6650476,333.0790573
20.07.20,5.08E+21,236.16,1199678.566,4.82E+11,0.040642,195.970575,330.1674642
21.07.20,5.33E+21,245.87,1309921.466,4.94E+11,0.04143,204.7236642,361.0919603
22.07.20,5.19E+21,264.32,1372017.161,4.78E+11,0.042148,201.3398988,972.4172359
23.07.20,5.99E+21,275.65,1650475.23,4.66E+11,0.042261,197.1158774,410.5409281
24.07.20,5.62E+21,279.6,1571046.987,5.60E+11,0.042818,239.8184139,418.685174
25.07.20,6.15E+21,305.67,1880360.295,5.75E+11,0.042895,246.5263172,403.6842671
26.07.20,5.49E+21,311.47,1708567.572,5.62E+11,0.041018,230.6285004,381.4170697
27.07.20,7.41E+21,322.39,2388570.579,5.71E+11,0.039975,228.192343,454.0850525
28.07.20,5.39E+21,317.47,1711200.993,5.99E+11,0.042417,254.0757462,647.7082469
29.07.20,5.62E+21,318.27,1787950.014,6.62E+11,0.043567,288.3160737,719.3742538
30.07.20,5.26E+21,335.25,1763632.988,6.03E+11,0.042474,256.0884343,557.3516792
31.07.20,5.92E+21,346.81,2054253.088,6.27E+11,0.044224,277.4855436,841.2031733
01.08.20,4.79E+21,387.41,1854805.796,5.85E+11,0.045335,265.1424732,3551.950006
02.08.20,5.87E+21,371.93,2182906.265,6.12E+11,0.043092,263.7719697,3080.774191
03.08.20,5.24E+21,386.1,2023118.48,6.04E+11,0.044019,266.0649729,667.3918861
04.08.20,4.36E+21,389.79,1701247.635,6.40E+11,0.043046,275.6883526,605.6764472
05.08.20,4.07E+21,401.12,1633555.423,6.50E+11,0.043467,282.4198832,1052.952771
06.08.20,4.47E+21,395.07,1767049.144,6.58E+11,0.044181,290.8663513,679.5892976
07.08.20,5.69E+21,379.57,2158628.637,6.20E+11,0.043386,269.0656122,434.2649024
08.08.20,5.15E+21,397.56,2047833.084,6.10E+11,0.0447,272.737432,561.8311615
09.08.20,6.08E+21,390.28,2373970.19,6.35E+11,0.044951,285.6078923,404.1475366
10.08.20,9.33E+21,395.84,3694035.645,6.12E+11,0.052607,321.9575193,379.6075636
11.08.20,9.98E+21,378.94,3781380.557,4.90E+11,0.051313,251.4013707,388.3191135
12.08.20,1.78E+22,387.19,6874125.31,5.44E+11,0.051866,282.1790371,390.0171618
13.08.20,2.03E+22,424.97,8611494.197,4.90E+11,0.051178,250.5568327,725.488329
14.08.20,1.64E+22,438.51,7192179.073,5.65E+11,0.053858,304.5159042,1089.803898
15.08.20,9.11E+21,432.63,3939576.556,4.60E+11,0.052451,241.3188795,555.9035966
16.08.20,7.89E+21,433.85,3421919.441,4.54E+11,0.053047,240.823926,293.4822908
17.08.20,8.62E+21,431.26,3715352.536,4.60E+11,0.055103,253.4531526,364.1134875
18.08.20,1.03E+22,422.38,4346256.353,4.44E+11,0.053214,236.3173287,303.60447
19.08.20,1.08E+22,407.85,4389024.544,4.96E+11,0.050141,248.6489766,315.1603133
20.08.20,9.12E+21,416.04,3792545.653,5.01E+11,0.051643,258.7310656,312.0637326
21.08.20,1.25E+22,387.98,4866266.746,4.90E+11,0.049269,241.4427163,267.9959355
22.08.20,7.99E+21,395.46,3159058.26,5.21E+11,0.0498,259.2109449,444.6265641
23.08.20,6.55E+21,390.72,2557461.031,5.14E+11,0.048833,251.2055943,536.3323565
24.08.20,7.74E+21,408.03,3156172.168,5.15E+11,0.049301,254.1044731,303.277211
25.08.20,8.37E+21,383.34,3210190.331,5.15E+11,0.046859,241.5008639,302.0451747
26.08.20,7.18E+21,386.02,2773300.824,5.56E+11,0.046282,257.4641324,344.0112555
27.08.20,7.36E+21,383.18,2819951.843,5.38E+11,0.044047,237.1605306,258.3873916
28.08.20,7.20E+21,395.54,2846848.971,5.40E+11,0.044617,240.8194547,374.3313637
29.08.20,7.84E+21,398.79,3127289.003,5.13E+11,0.045539,233.6887907,346.266008
30.08.20,1.66E+22,429.04,7122424.889,5.16E+11,0.047023,242.5564911,276.7791696
31.08.20,1.89E+22,434.1,8202345.59,5.01E+11,0.045872,229.8579361,219.8500691
01.09.20,3.55E+22,475.81,16899450.36,5.10E+11,0.045623,232.5976064,282.955516
02.09.20,3.80E+22,439.83,16699095.54,5.07E+11,0.042741,216.8263117,339.8041604
03.09.20,3.10E+22,382.46,11850430.38,5.44E+11,0.039486,214.6636586,947.8445234
04.09.20,1.80E+22,385.91,6953124.423,5.97E+11,0.039224,234.0248044,433.1051923
05.09.20,2.18E+22,335.24,7314871.522,5.90E+11,0.036231,213.6121699,554.5325015
06.09.20,1.00E+22,352.69,3539245.196,6.42E+11,0.036679,235.4045332,476.0107948
07.09.20,8.66E+21,353.7,3063662.786,7.81E+11,0.036619,285.9329234,471.6844446
08.09.20,7.99E+21,337.45,2697524.359,7.64E+11,0.036083,275.7544394,545.7158739
09.09.20,9.24E+21,351.15,3244920.246,9.56E+11,0.036896,352.7258621,549.5057318
10.09.20,1.39E+22,368.09,5115457.695,7.45E+11,0.038358,285.7502354,499.0336392
11.09.20,1.15E+22,373.99,4315048.221,7.56E+11,0.037908,286.5328769,823.0527469
12.09.20,8.21E+21,387.88,3185624.581,7.32E+11,0.038387,281.1457493,587.9279613
13.09.20,9.31E+21,366.33,3410001.422,1.04E+11,0.036606,38.11288619,376.980198
14.09.20,1.55E+22,377.24,5859184.359,4.31E+11,0.037136,159.9904912,360.2061193
15.09.20,1.48E+22,364.19,5372653.911,7.58E+11,0.035842,271.626463,336.0774971
16.09.20,1.17E+22,365.19,4254915.983,8.03E+11,0.03618,290.507494,281.9012316
17.09.20,4.28E+22,389.49,16655859.24,7.84E+11,0.034504,270.6083535,344.1312961
18.09.20,2.47E+22,384.66,9513460.009,8.01E+11,0.034528,276.4851207,363.3374043
19.09.20,1.35E+22,385.36,5217130.019,7.90E+11,0.034391,271.8213683,324.9209692
20.09.20,1.02E+22,371.06,3769113.602,8.19E+11,0.033481,274.0774383,285.296874
21.09.20,1.36E+22,340.19,4614122.21,8.62E+11,0.031843,274.3511202,304.1024361
22.09.20,1.22E+22,344.25,4183014.04,8.82E+11,0.031468,277.6100355,608.4923366
23.09.20,1.01E+22,320.19,3222220.643,8.90E+11,0.0303,269.611415,384.6467452
24.09.20,8.48E+21,349.18,2960904.552,9.42E+11,0.031872,300.2448984,408.4198007
25.09.20,7.69E+21,352.02,2705613.078,8.63E+11,0.032206,277.8436544,374.7729088
26.09.20,6.28E+21,354.21,2223776.511,8.27E+11,0.032414,268.0158351,355.7544306
27.09.20,6.38E+21,357.67,2280529.968,8.26E+11,0.03153,260.3490596,289.8995281
28.09.20,9.05E+21,354.01,3204092.838,8.31E+11,0.032278,268.3544294,271.2609127
29.09.20,1.13E+22,359.92,4057779.595,8.35E+11,0.031566,263.4186953,304.4092938
30.09.20,8.85E+21,359.86,3183248.681,7.53E+11,0.031524,237.4219281,348.1050627
01.10.20,7.45E+21,353.09,2629681.871,7.97E+11,0.030393,242.2343376,309.1177292
02.10.20,6.82E+21,345.83,2359836.59,8.31E+11,0.029889,248.2803828,388.3822559
03.10.20,5.56E+21,346.32,1925665.135,7.85E+11,0.030839,242.0702749,319.5045622
04.10.20,5.90E+21,352.67,2080147.334,7.64E+11,0.030675,234.2689717,300.1348033
05.10.20,6.47E+21,353.84,2288361.516,8.13E+11,0.030781,250.3831568,323.2543091
06.10.20,8.32E+21,340.85,2835180.672,7.98E+11,0.029864,238.1684437,331.097679
07.10.20,6.12E+21,341.91,2093583.703,8.27E+11,0.030191,249.5866782,794.0254652
08.10.20,5.99E+21,351.2,2102898.407,7.71E+11,0.031869,245.6654823,330.3358792
09.10.20,5.75E+21,365.41,2102125.362,7.11E+11,0.034479,245.0463048,368.6809596
10.10.20,4.49E+21,370.88,1666935.476,6.85E+11,0.034403,235.6649876,355.5450388
11.10.20,3.59E+21,374.4,1342360.882,6.92E+11,0.034076,235.8138224,319.8095201
12.10.20,5.52E+21,386.91,2133855.322,7.12E+11,0.034204,243.4138757,282.7425513
13.10.20,5.70E+21,381.41,2174909.621,6.77E+11,0.03415,231.2324855,322.0055186
14.10.20,5.93E+21,379.04,2248733.853,6.88E+11,0.034573,237.736731,361.4818816
15.10.20,5.82E+21,377.82,2200404.903,7.01E+11,0.033734,236.409492,346.4730222
16.10.20,4.74E+21,365.58,1734194.612,7.15E+11,0.032301,230.8171528,387.5900391
17.10.20,2.59E+21,368.53,954291.5189,7.34E+11,0.032466,238.4540222,546.3769259
18.10.20,2.74E+21,378.44,1038763.893,7.45E+11,0.032738,243.9336643,322.0918852
19.10.20,4.18E+21,379.41,1586411.475,7.81E+11,0.032686,255.40728,577.7253535
20.10.20,4.53E+21,368.83,1671610.993,7.78E+11,0.030237,235.2129822,336.3891927
21.10.20,5.74E+21,391.46,2248168.382,7.87E+11,0.031248,246.0145672,390.5491207
22.10.20,4.85E+21,414.5,2010668.071,8.20E+11,0.032286,264.6581094,396.3713282
23.10.20,4.40E+21,409.57,1803118.073,7.74E+11,0.032503,251.4167639,469.3424881
24.10.20,2.26E+21,412.52,932768.6126,7.11E+11,0.032234,229.1896438,491.031422
25.10.20,2.35E+21,406.3,953342.3636,7.37E+11,0.031983,235.8157959,330.2551133
26.10.20,4.42E+21,393.11,1736997.971,7.58E+11,0.0307,232.5602891,332.2992521
27.10.20,3.15E+21,403.74,1271229.526,7.97E+11,0.03095,246.6223213,416.5066883
28.10.20,4.85E+21,388.77,1885407.702,8.00E+11,0.030003,240.041087,362.2746884
29.10.20,5.09E+21,387.54,1974443.973,8.06E+11,0.029427,237.2316286,434.5033268
30.10.20,4.62E+21,382.76,1767814.129,8.47E+11,0.029324,248.2656059,433.2743836
31.10.20,2.99E+21,386.76,1157446.033,7.95E+11,0.029192,232.1082681,591.8126921
01.11.20,2.41E+21,396.49,957182.1679,9.39E+11,0.029322,275.4502852,452.6593119
02.11.20,4.40E+21,383.61,1686980.917,8.80E+11,0.029695,261.402166,367.3048011
03.11.20,3.35E+21,388.17,1302232.653,8.39E+11,0.028515,239.2824353,357.0926938
04.11.20,2.77E+21,402.66,1116159.232,9.12E+11,0.028548,260.4399153,483.1923551
05.11.20,3.76E+21,416.89,1568830.87,9.16E+11,0.029574,270.9998852,413.9623928
06.11.20,4.52E+21,456.32,2062308.388,8.39E+11,0.03128,262.4108784,827.8457897
07.11.20,4.28E+21,435.82,1863343.509,8.03E+11,0.029834,239.5673451,655.0532431
08.11.20,2.13E+21,454.74,969354.7225,8.43E+11,0.030278,255.2410448,916.9905187
09.11.20,3.18E+21,444.45,1414638.711,8.21E+11,0.030711,252.2846319,876.1796243
10.11.20,3.78E+21,450.86,1702767.084,7.67E+11,0.031382,240.6843189,1490.58936
11.11.20,3.75E+21,463.91,1740720.202,7.64E+11,0.032905,251.2525148,1289.898445
12.11.20,4.18E+21,462.78,1932565.589,7.32E+11,0.031096,227.6589688,906.164792
13.11.20,4.11E+21,476.87,1959579.865,7.69E+11,0.032272,248.1987564,543.6478279
14.11.20,2.79E+21,461.03,1287006.554,1.04E+12,0.03188,332.1899334,533.0295147
15.11.20,2.52E+21,448.51,1130611.852,1.12E+12,0.03127,349.334377,1207.255294
16.11.20,3.54E+21,461.01,1632403.162,9.09E+11,0.031743,288.6815651,1157.297116
17.11.20,5.89E+21,482.71,2841403.367,8.40E+11,0.031019,260.6674061,886.725314
18.11.20,6.37E+21,478.76,3050467.294,7.24E+11,0.030318,219.3809689,1137.099002
19.11.20,3.89E+21,471.82,1833561.857,7.58E+11,0.030176,228.7603027,839.9295953
20.11.20,5.10E+21,510.43,2602506.717,7.52E+11,0.0306,230.1792975,646.8218616
21.11.20,5.07E+21,552.26,2801035.62,7.88E+11,0.032843,258.7219298,679.2646868
22.11.20,4.85E+21,560.01,2717294.288,7.39E+11,0.033661,248.6342221,690.0980777
23.11.20,5.83E+21,609.13,3548766.05,7.39E+11,0.0349,257.7823493,723.8842549
24.11.20,7.17E+21,604.98,4335333.946,7.11E+11,0.036292,258.0935432,641.4347368
25.11.20,4.58E+21,569.4,2607208.586,6.49E+11,0.03617,234.758255,460.5841917
26.11.20,1.12E+22,520.22,5823774.436,7.56E+11,0.032646,246.6471158,520.0746711
27.11.20,3.12E+21,518.83,1621012.401,7.71E+11,0.033187,255.9947138,1354.155184
28.11.20,2.24E+21,537.99,1206948.548,7.64E+11,0.033852,258.5899364,895.4347812
29.11.20,1.96E+21,576,1130314.216,7.13E+11,0.033656,239.95759,826.2293671
30.11.20,6.02E+21,616.14,3710685.051,1.08E+12,0.03438,370.5634161,799.2754079
01.12.20,6.54E+21,586.23,3834765.781,2.93E+12,0.034332,1006.163029,857.0432504
02.12.20,3.16E+21,598.26,1887565.987,7.30E+11,0.037876,276.4468845,1210.790934
03.12.20,3.49E+21,616.55,2150630.231,6.38E+11,0.038995,248.7141536,1111.314177
04.12.20,3.94E+21,567.67,2234533.741,7.30E+11,0.035626,260.0070526,662.0868357
05.12.20,2.66E+21,596.93,1589574.955,6.61E+11,0.037152,245.5748555,506.5123226
06.12.20,2.65E+21,602.3,1595075.459,6.72E+11,0.036852,247.7402955,333.5756516
07.12.20,3.57E+21,591.36,2111576.97,6.33E+11,0.039497,249.9875573,315.0382903
08.12.20,4.85E+21,554.82,2688227.403,5.80E+11,0.036343,210.8657216,579.6862164
09.12.20,5.02E+21,573.44,2881487.501,6.40E+11,0.036592,234.1748672,491.5722587
10.12.20,4.25E+21,558.36,2373060.053,6.09E+11,0.035705,217.2776173,405.8256273
11.12.20,4.83E+21,544.14,2627875.91,6.73E+11,0.033339,224.3202998,381.1252455
12.12.20,3.11E+21,568.26,1765452.105,7.02E+11,0.034744,243.8264548,397.6842613
13.12.20,3.32E+21,590.72,1961958.675,7.12E+11,0.034952,248.7174668,323.3625856
14.12.20,4.75E+21,586.35,2784628.521,6.57E+11,0.034527,226.8812852,343.2363795
15.12.20,6.52E+21,589.17,3841175.13,6.77E+11,0.034577,234.0516981,364.5557465
16.12.20,6.41E+21,637.74,4090860.047,6.96E+11,0.035243,245.346804,442.8213733
17.12.20,1.10E+22,643.16,7090465.28,8.88E+11,0.03464,307.7703205,315.9173367
18.12.20,5.56E+21,654.55,3640288.977,1.07E+12,0.035365,378.6487184,322.5761033
19.12.20,4.89E+21,658.7,3220570.799,1.05E+12,0.035763,375.856428,241.5361784
20.12.20,3.42E+21,638.17,2179688.979,1.01E+12,0.036946,371.6121967,273.2844874
21.12.20,6.18E+21,607.9,3756747.713,1.03E+12,0.03682,377.509714,255.4114261
22.12.20,5.22E+21,637.23,3323794.482,9.75E+11,0.037092,361.7843488,316.4250721
23.12.20,8.97E+21,585.25,5251614.082,1.13E+12,0.030537,346.1188638,341.7462064
24.12.20,6.67E+21,612.32,4086235.679,1.15E+12,0.032984,379.9971415,372.2449282
25.12.20,7.10E+21,626.83,4450688.017,1.05E+12,0.032348,339.6355981,372.1706222
26.12.20,5.20E+21,636.07,3309628.245,9.81E+11,0.032401,317.8650768,455.1861925
27.12.20,7.56E+21,683.98,5170792.874,1.28E+12,0.031815,407.5360968,305.9488736
28.12.20,8.87E+21,729.59,6473860.422,1.16E+12,0.033731,390.074017,343.6751508
29.12.20,7.42E+21,731.55,5428982.757,1.20E+12,0.032698,391.0509412,383.1456257
30.12.20,8.99E+21,752.53,6762809.564,1.20E+12,0.032638,392.3373167,378.4200086
31.12.20,7.77E+21,737.15,5724521.549,1.09E+12,0.031831,348.4343252,349.5916442
01.01.21,5.19E+21,730.6,3790844.75,1.53E+12,0.032925,502.5278504,302.7665601
02.01.21,8.01E+21,774.9,6208549.389,1.57E+12,0.033241,523.1775721,330.7021452
03.01.21,1.30E+22,978.69,12733827.01,1.67E+12,0.033049,552.7665562,270.6321032
04.01.21,2.01E+22,1043.16,20990141.42,1.65E+12,0.032408,534.4710366,311.9482067
05.01.21,1.10E+22,1103.19,12089491,1.51E+12,0.037729,570.9202502,337.0044517
06.01.21,9.76E+21,1210.59,11818925.74,1.28E+12,0.038702,496.8682431,374.8532827
07.01.21,1.06E+22,1225.5,13031941.47,1.36E+12,0.038828,529.6078124,804.2003826
08.01.21,1.12E+22,1216.98,13621841.25,1.19E+12,0.061417,730.1947935,542.996156
09.01.21,7.20E+21,1279.96,9217434.717,9.82E+11,0.051773,508.218928,561.6135341
10.01.21,6.98E+21,1255.72,8770989.11,1.04E+12,0.04979,518.4623624,678.0735507
11.01.21,1.97E+22,1088.37,21493544.38,1.36E+12,0.04346,590.9117428,1023.902007
12.01.21,6.78E+21,1050.04,7115983.369,1.37E+12,0.047192,648.2971574,1059.641119
13.01.21,5.37E+21,1129.84,6070379.594,1.03E+12,0.053168,547.5676685,831.0016586
14.01.21,6.50E+21,1232.11,8007940.534,9.48E+11,0.057142,541.8345324,303.3974269
15.01.21,7.42E+21,1169.06,8676723.731,9.68E+11,0.05522,534.5320721,229.7632722
16.01.21,6.30E+21,1228.52,7742832.424,8.70E+11,0.059789,520.0970422,214.8254427
17.01.21,4.87E+21,1233.73,6011819.347,8.70E+11,0.061318,533.3621308,204.6896731
18.01.21,5.80E+21,1258.31,7294814.815,9.01E+11,0.064462,580.6443173,197.9933716
19.01.21,7.96E+21,1367.65,10885331.04,9.40E+11,0.070562,663.509519,209.1309238
20.01.21,6.66E+21,1377.75,9174011.79,7.58E+11,0.101777,771.5750124,264.2510887
21.01.21,9.74E+21,1111.49,10822220.91,6.40E+11,0.096423,617.085876,292.140038
22.01.21,1.04E+22,1234.56,12818534.3,6.12E+11,0.096688,591.9340921,6577.658538
23.01.21,6.34E+21,1234.1,7820258.585,5.92E+11,0.096398,570.9522058,267.76609
24.01.21,6.40E+21,1392.45,8907064.941,5.87E+11,0.093865,551.3819326,234.8309902
25.01.21,8.62E+21,1318.47,11358624.39,5.99E+11,0.09171,549.7264582,301.783163
26.01.21,6.68E+21,1368.22,9144762.184,6.36E+11,0.090527,575.5458462,263.9498302
27.01.21,7.73E+21,1241.51,9600718.841,6.94E+11,0.080375,558.1260179,260.1013916
28.01.21,7.34E+21,1330.78,9761437.158,6.87E+11,0.091854,631.3166349,287.1171573
29.01.21,1.09E+22,1379.13,15035581.42,7.71E+11,0.086873,669.6652432,267.1602526
30.01.21,8.64E+21,1379.35,11921025.15,8.33E+11,0.080879,673.735776,240.165947
31.01.21,1.03E+22,1314.18,13484844.5,8.60E+11,0.082122,706.1131846,251.261028
01.02.21,1.21E+22,1374.57,16678183.71,9.95E+11,0.087961,875.5292955,218.7364154
02.02.21,1.38E+22,1513.9,20852752.14,8.27E+11,0.091941,760.0887855,277.3948326
03.02.21,1.37E+22,1667.22,22857596.97,8.07E+11,0.094646,763.5353185,333.2131248
04.02.21,1.88E+22,1597.44,30028005.39,9.23E+11,0.089659,827.5603939,430.8617657
05.02.21,1.97E+22,1721.48,33989925.04,7.96E+11,0.097405,775.0507723,296.7712588
06.02.21,1.41E+22,1679.14,23625174.57,7.15E+11,0.102029,729.1398192,212.4634714
07.02.21,1.26E+22,1614.64,20316181.86,7.90E+11,0.096312,760.9498511,186.6607083
08.02.21,1.65E+22,1752.87,28952349.64,7.70E+11,0.099451,766.1861115,174.1267121
09.02.21,1.84E+22,1772.05,32524486.15,8.05E+11,0.104105,837.5637566,166.6981778
10.02.21,1.69E+22,1743,29537105.47,7.85E+11,0.107625,844.4450577,260.2466622
11.02.21,1.36E+22,1787.69,24316464.18,7.41E+11,0.133967,993.3509123,239.0250545
12.02.21,1.40E+22,1844.84,25874397.75,6.64E+11,0.137236,911.5254916,334.1494072
13.02.21,1.45E+22,1817.48,26396473.86,6.34E+11,0.137643,872.3213298,365.6570318
14.02.21,1.17E+22,1802.96,21059701.57,6.51E+11,0.12697,826.3972102,230.2203465
15.02.21,1.43E+22,1779.4,25391064.92,5.93E+11,0.143885,852.5773813,205.6345103
16.02.21,1.35E+22,1782.83,23997133.27,5.20E+11,0.137289,713.864546,234.5069644
17.02.21,1.38E+22,1851.14,25637449.56,6.12E+11,0.1388,850.0476227,386.3552937
18.02.21,1.44E+22,1939.61,27943179.66,6.40E+11,0.149188,954.7928863,429.8098678
19.02.21,1.50E+22,1957.47,29266372.62,6.54E+11,0.152888,999.7539822,355.5472946
20.02.21,1.59E+22,1915.12,30499236.64,7.72E+11,0.14229,1097.834661,315.3830994
21.02.21,1.13E+22,1935.14,21940658.6,7.15E+11,0.147205,1052.289014,295.506197
22.02.21,2.24E+22,1778.07,39773304.38,7.38E+11,0.137787,1016.182726,339.1588198
23.02.21,3.17E+22,1578.19,50032980.34,8.71E+11,0.11892,1035.568061,366.3755308
24.02.21,1.63E+22,1625.17,26493487.86,8.37E+11,0.128925,1079.685237,408.3842123
25.02.21,1.31E+22,1481.88,19459562.28,8.64E+11,0.117346,1014.324877,340.4535402
26.02.21,1.27E+22,1446.1,18400344.71,9.69E+11,0.117938,1143.153563,363.7848251
27.02.21,9.48E+21,1460.23,13845321.23,9.61E+11,0.118652,1139.92115,349.9551188
28.02.21,9.59E+21,1422.58,13638391.57,1.04E+12,0.115421,1196.231045,281.0705825
01.03.21,9.27E+21,1571.49,14571780.07,9.16E+11,0.125128,1145.771902,296.2171634
02.03.21,9.93E+21,1488.67,14788037.66,8.63E+11,0.123484,1065.872351,311.9024116
03.03.21,1.02E+22,1568.65,15979561.91,8.49E+11,0.128597,1091.292859,399.742834
04.03.21,8.93E+21,1538.37,13741826.18,7.25E+11,0.16126,1168.798002,346.299137
05.03.21,1.10E+22,1529.75,16838453.76,7.23E+11,0.149092,1078.031851,326.4097915
06.03.21,7.84E+21,1651.48,12953741.46,7.56E+11,0.144934,1096.241672,356.6664689
07.03.21,1.05E+22,1726.33,18060695.8,7.30E+11,0.152667,1115.069739,334.5434421
08.03.21,1.09E+22,1834.48,19923289.39,6.68E+11,0.174412,1165.109461,383.0823016
09.03.21,1.10E+22,1872.1,20613381.86,5.76E+11,0.21043,1212.669592,377.5033235
10.03.21,1.07E+22,1795.63,19262437.49,5.60E+11,0.220273,1233.159907,432.6363769
11.03.21,1.06E+22,1827.06,19404188.62,4.66E+11,0.268398,1251.12067,396.8229836
12.03.21,1.36E+22,1767.77,24037363.46,3.99E+11,0.270188,1078.382365,388.2984423
13.03.21,1.30E+22,1921.18,24973522.73,4.47E+11,0.276105,1234.85985,371.5224956
14.03.21,1.19E+22,1848.69,22050903.77,3.60E+11,0.366947,1322.195171,351.456395
15.03.21,1.50E+22,1794.83,26953873.41,3.52E+11,0.402551,1415.978707,320.5761759
16.03.21,1.49E+22,1805.64,26964911.16,3.38E+11,0.342123,1155.82888,348.2567584
17.03.21,1.55E+22,1823.03,28261742.87,3.28E+11,0.362481,1187.511009,342.8167995
18.03.21,1.44E+22,1776.16,25494710.63,3.01E+11,0.348092,1047.550024,408.2174452
19.03.21,1.26E+22,1809.76,22817474.09,3.02E+11,0.347763,1051.74953,382.2523035
20.03.21,1.13E+22,1805.49,20325548.29,2.94E+11,0.319472,939.9562155,372.9499385
21.03.21,1.08E+22,1783.94,19296769.91,3.25E+11,0.34411,1119.107659,373.2392107
22.03.21,1.50E+22,1682.05,25213642.08,3.26E+11,0.318011,1035.343543,390.9140153
23.03.21,1.31E+22,1668.69,21795884.13,3.24E+11,0.326152,1056.642569,405.9987462
24.03.21,1.40E+22,1583.24,22211806.35,3.28E+11,0.30542,1001.054109,527.4867868
25.03.21,1.45E+22,1588.34,23107410.93,3.46E+11,0.307262,1064.482203,497.8995174
26.03.21,1.17E+22,1699.89,19805549.8,3.26E+11,0.348032,1134.224347,445.0569411
27.03.21,9.39E+21,1713.94,16099281.64,2.97E+11,0.342189,1016.881193,524.1280363
28.03.21,9.80E+21,1686.74,16537068.77,2.53E+11,0.342574,865.8821839,440.0085161
29.03.21,1.19E+22,1816.48,21595287.08,3.75E+11,0.377845,1418.161323,460.6459884
30.03.21,1.33E+22,1841.4,24452124.14,2.90E+11,0.394203,1141.817037,700.0653285
31.03.21,1.68E+22,1919.08,32287164.12,2.87E+11,0.368278,1057.247754,647.8183966
01.04.21,1.55E+22,1967.67,30574036.88,1.42E+11,0.353338,502.130335,1174.14506
02.04.21,1.46E+22,2134.46,31209824.17,1.39E+11,0.364472,508.2093087,507.7855618
03.04.21,1.18E+22,2009.19,23636931.3,1.44E+11,0.320438,459.8362366,494.129694
04.04.21,8.86E+21,2076.62,18402486.95,1.50E+11,0.333067,498.2144032,572.8941272
05.04.21,1.17E+22,2107.73,24710586.9,1.52E+11,0.318221,484.7852186,465.5284844
06.04.21,1.22E+22,2112.29,25829256.43,1.96E+11,0.327588,643.5158225,513.7515393
07.04.21,1.20E+22,1964.18,23651945.04,2.33E+11,0.298962,696.4929058,700.6321753
08.04.21,9.61E+21,2081.11,20008695.71,2.30E+11,0.327384,753.8961411,646.6106712
09.04.21,9.34E+21,2066.55,19298412.61,2.06E+11,0.338255,696.2856662,569.2182336
10.04.21,7.99E+21,2133.82,17047073.35,2.12E+11,0.329941,699.023812,541.957412
11.04.21,6.69E+21,2150.54,14388152.75,1.98E+11,0.349181,692.2494452,606.0690709
12.04.21,8.64E+21,2137.79,18459883.9,2.02E+11,0.356924,721.8016942,574.5396739
13.04.21,9.40E+21,2298.66,21618687.27,2.05E+11,0.408873,836.4972302,700.1758523
14.04.21,1.09E+22,2431.86,26393633.03,1.89E+11,0.376296,712.0914542,818.9704512
15.04.21,7.88E+21,2517.08,19845342.87,1.75E+11,0.381488,668.4274652,964.2491524
16.04.21,1.43E+22,2430.91,34850079.83,1.84E+11,0.351603,647.2965392,1046.780206
17.04.21,1.17E+22,2318.01,27105922.79,1.85E+11,0.347052,640.979049,903.9328322
18.04.21,1.40E+22,2240.96,31347640.37,1.82E+11,0.311547,568.1933639,791.2864159
19.04.21,1.54E+22,2163.36,33319225.36,1.83E+11,0.289749,530.2074331,834.8918811
20.04.21,2.16E+22,2332.45,50445600.8,1.87E+11,0.322153,602.0769011,816.6959174
21.04.21,1.49E+22,2357.59,35102479.1,1.95E+11,0.292197,568.3301848,828.3092199
22.04.21,1.32E+22,2410.48,31743907.14,2.15E+11,0.258486,555.5950757,666.8511869
23.04.21,1.15E+22,2369.67,27218824.34,2.45E+11,0.268748,658.9849632,881.4018547
24.04.21,6.35E+21,2216.56,14079077.76,2.43E+11,0.244462,593.1789933,1063.10683
25.04.21,5.17E+21,2322.14,12003743.06,2.48E+11,0.245094,607.9713632,1028.772653
26.04.21,5.69E+21,2534.9,14431553.65,2.40E+11,0.284763,682.1653277,1131.211613
27.04.21,6.04E+21,2667.93,16120278.19,2.17E+11,0.303348,657.8954958,2172.520226
28.04.21,7.24E+21,2750.91,19907923.01,2.56E+11,0.286951,735.0724678,2138.430073
29.04.21,6.65E+21,2758.46,18350577.03,3.01E+11,0.286199,860.373355,2262.355072
30.04.21,5.21E+21,2775.96,14463866.68,3.08E+11,0.299946,922.3458188,3886.503301
01.05.21,4.91E+21,2947.8,14469566.11,1.62E+11,0.327098,529.674317,3957.216692
02.05.21,3.86E+21,2954.22,11410831.49,1.95E+11,0.328886,639.9383607,2057.674715
03.05.21,6.16E+21,3432.21,21156412.38,2.88E+11,0.322549,928.2517076,2457.991366
04.05.21,6.40E+21,3241.09,20753716.07,2.95E+11,0.279522,824.0393566,2420.910995
05.05.21,5.58E+21,3522.18,19648167.1,3.09E+11,0.315414,975.4302429,2740.212737
06.05.21,6.14E+21,3491.74,21448349.58,2.94E+11,0.298525,878.4727287,2507.182994
07.05.21,6.35E+21,3483.96,22115321.67,3.27E+11,0.305926,999.3682447,2635.160344
08.05.21,1.31E+22,3916.25,51389150.99,3.32E+11,0.297238,988.216372,3898.242862
09.05.21,1.21E+22,3927.06,47690290.06,3.27E+11,0.291887,953.8872906,2940.639971
10.05.21,2.25E+22,3946.42,88809136.89,3.12E+11,0.265903,828.5118174,2941.842408
11.05.21,2.82E+22,4181.28,117922354.8,3.18E+11,0.283242,901.9596949,3813.887412
12.05.21,2.69E+22,3811.29,102677601.1,2.71E+11,0.240013,651.601632,3210.07418
13.05.21,1.65E+22,3718.99,61285839.87,2.37E+11,0.333583,791.6215579,3679.076923
14.05.21,1.22E+22,4087.02,49948650.86,3.39E+11,0.336664,1140.325346,3691.06741
15.05.21,8.92E+21,3644.04,32505820.72,2.82E+11,0.30711,866.8708751,3863.067765
16.05.21,7.73E+21,3586.18,27717025.88,2.77E+11,0.329221,911.1250034,2895.477797
17.05.21,8.94E+21,3280.73,29339857.56,3.04E+11,0.292128,886.7011842,3217.266837
18.05.21,8.25E+21,3377.65,27866973.25,3.09E+11,0.330843,1022.575583,3300.238112
19.05.21,3.08E+22,2442.89,75238421.54,3.94E+11,0.217185,854.773564,2887.054736
20.05.21,1.23E+22,2772.84,34227015.1,4.24E+11,0.275506,1168.37281,3067.239604
21.05.21,1.10E+22,2435.86,26729179.58,1.79E+11,0.237508,424.3891579,3172.590167
22.05.21,5.30E+21,2297.03,12180080.83,3.53E+11,0.268863,947.8889314,3064.04737
23.05.21,1.36E+22,2098.57,28615104.82,3.45E+11,0.232959,803.5813316,2321.754503
24.05.21,6.36E+21,2648.77,16834794.84,2.97E+11,0.254168,755.4593599,2483.544278
25.05.21,4.78E+21,2707.49,12933094.03,3.82E+11,0.252284,963.8934316,2757.308711
26.05.21,4.59E+21,2888.94,13268190.99,3.45E+11,0.273919,944.5911278,2576.954005
27.05.21,3.63E+21,2742.48,9962491.227,3.55E+11,0.253861,902.0056435,3742.35393
28.05.21,3.77E+21,2412.36,9085075.884,3.54E+11,0.21852,774.456438,3081.073412
29.05.21,3.10E+21,2278.58,7053397.511,3.85E+11,0.209216,805.8109036,2976.259543
30.05.21,2.64E+21,2386.91,6313293.996,3.80E+11,0.218486,830.7221814,2826.098739
31.05.21,3.08E+21,2707.38,8335403.172,4.02E+11,0.234028,939.9624406,2657.775273
01.06.21,2.84E+21,2634.23,7468059.296,3.85E+11,0.22556,868.7408293,2899.08987
02.06.21,2.97E+21,2706.52,8028413.572,3.77E+11,0.231377,871.6278929,3678.389714
03.06.21,3.06E+21,2856.01,8732266.93,3.31E+11,0.257321,852.4504386,3753.62368
04.06.21,2.61E+21,2691.17,7013811.332,3.48E+11,0.232782,811.113705,3543.691323
05.06.21,1.84E+21,2629.76,4831015.172,3.42E+11,0.222779,762.6638164,4450.366813
06.06.21,1.56E+21,2710.99,4230317.452,3.48E+11,0.22868,796.5914211,3626.884174
07.06.21,2.10E+21,2593.12,5451269.273,3.51E+11,0.209289,735.2913535,3173.098589
08.06.21,2.85E+21,2509.23,7157434.042,3.83E+11,0.216752,829.2314978,3644.612434
09.06.21,2.37E+21,2610.64,6196924.128,3.77E+11,0.218078,822.9110762,3935.781915
10.06.21,2.00E+21,2471.56,4944587.988,3.43E+11,0.205444,705.5825462,3984.796487
11.06.21,2.28E+21,2355.09,5372611.819,4.23E+11,0.199646,845.1618375,5512.923304
12.06.21,1.91E+21,2369.62,4531144.325,4.32E+11,0.189242,816.7208458,5736.096232
13.06.21,1.47E+21,2509.7,3679974.694,4.23E+11,0.196707,832.0601221,4902.253549
14.06.21,1.93E+21,2582.12,4981809.549,4.03E+11,0.198093,797.587356,6303.267455
15.06.21,2.04E+21,2543.6,5177659.652,3.63E+11,0.212327,771.2527167,8182.377742
16.06.21,1.94E+21,2367.7,4587876.024,3.91E+11,0.205272,802.0929351,8708.748055
17.06.21,2.11E+21,2372.31,5005949.864,3.76E+11,0.208269,782.1390479,6213.686484
18.06.21,2.09E+21,2233.57,4657402.014,3.53E+11,0.206924,730.4096457,8739.288643
19.06.21,1.49E+21,2166.61,3221256.658,3.74E+11,0.196945,736.2424321,7658.436657
20.06.21,1.71E+21,2243.6,3838600.107,3.13E+11,0.193395,604.5720282,7999.40836
21.06.21,4.13E+21,1887.89,7796140.437,3.43E+11,0.174396,597.7253029,9564.652935
22.06.21,6.60E+21,1880.83,12411400.22,3.48E+11,0.165985,576.8754912,8450.611154
23.06.21,2.15E+21,1967.95,4236844.255,3.28E+11,0.178933,586.0566861,9202.130031
24.06.21,1.91E+21,1989.01,3797698.25,3.26E+11,0.191997,625.4935444,9213.765478
25.06.21,2.46E+21,1810.27,4456070.906,3.55E+11,0.16639,589.9297544,9648.496136
26.06.21,1.49E+21,1830.94,2727000.141,3.43E+11,0.178068,611.3492304,9286.490805
27.06.21,2.49E+21,1983.33,4932078.208,3.23E+11,0.182282,589.5412112,9404.998823
28.06.21,2.25E+21,2083.8,4690571.525,3.27E+11,0.182085,595.7600237,9437.957001
29.06.21,2.24E+21,2165.61,4859832.517,3.26E+11,0.189774,618.1519112,11933.38538
30.06.21,3.06E+21,2276.14,6958614.788,3.45E+11,0.195359,673.9908555,12041.2228
01.07.21,2.15E+21,2109.29,4529475.601,3.19E+11,0.21227,678.1149478,19154.68665
02.07.21,1.68E+21,2155.65,3628254.713,3.13E+11,0.193324,605.4661254,15196.84512
03.07.21,1.52E+21,2227.18,3388025.756,3.23E+11,0.193306,624.6352572,21640.3607
04.07.21,1.28E+21,2323.27,2971402.592,3.05E+11,0.194215,592.9653354,19145.64646
05.07.21,1.76E+21,2196.71,3857363.828,3.20E+11,0.184944,591.4548045,23757.42426
06.07.21,4.82E+21,2322.63,11191463.45,3.33E+11,0.184841,614.7342418,29292.41384
07.07.21,3.68E+21,2317.12,8524592.66,3.35E+11,0.185531,620.6241621,43007.00485
08.07.21,3.46E+21,2114.51,7313133.764,3.27E+11,0.17191,561.7144967,52521.66383
09.07.21,2.63E+21,2145.67,5643477.3,3.40E+11,0.175238,595.7835478,38780.27731
10.07.21,1.63E+21,2110.47,3432581.472,3.64E+11,0.169236,615.3300234,33552.07023
11.07.21,1.25E+21,2140.45,2682064.34,4.06E+11,0.17155,695.8714521,28526.59273
12.07.21,2.68E+21,2032.88,5447378.574,4.22E+11,0.168594,711.0982958,33279.96038
13.07.21,2.93E+21,1940.61,5683815.197,4.10E+11,0.175966,721.0788755,37401.91045
14.07.21,4.35E+21,1994.22,8670708.784,4.35E+11,0.170303,741.0134434,73128.65579
15.07.21,4.18E+21,1918.17,8023625.953,4.04E+11,0.174111,703.3766592,144974.2626
16.07.21,3.93E+21,1877.05,7371462.234,3.69E+11,0.180866,667.0218267,55901.86902
17.07.21,2.67E+21,1899.96,5065057.552,3.59E+11,0.187535,673.3806335,64746.38472
18.07.21,2.56E+21,1891.96,4848723.375,3.54E+11,0.182298,645.5978115,51170.61226
19.07.21,2.75E+21,1818.6,5003156.107,3.86E+11,0.172967,667.0164307,62639.66982
20.07.21,3.13E+21,1786.52,5594468.156,4.14E+11,0.158565,656.0233209,54486.25697
21.07.21,2.49E+21,1994.98,4962947.044,4.16E+11,0.169049,702.6344322,70048.92103
22.07.21,3.16E+21,2024.74,6391218.139,4.03E+11,0.17372,699.9339572,71094.71639
23.07.21,3.70E+21,2125.57,7867956.819,4.24E+11,0.174385,739.3066005,62132.65878
24.07.21,2.22E+21,2185.98,4845150.249,5.15E+11,0.179977,926.2987739,69919.42208
25.07.21,1.99E+21,2194.34,4367648.748,5.07E+11,0.176612,894.7040969,72081.31144
26.07.21,3.88E+21,2228.67,8643905.52,4.58E+11,0.184364,844.7033747,106617.9464
27.07.21,4.85E+21,2301.98,11162685.2,4.62E+11,0.197364,910.9678363,202385.3543
28.07.21,5.16E+21,2301.12,11883989.73,4.39E+11,0.197005,865.5813414,114347.6523
29.07.21,3.01E+21,2383.24,7173118.625,4.30E+11,0.204228,878.8547587,87596.11945
30.07.21,3.53E+21,2470.76,8733229.658,3.66E+11,0.214838,787.3258321,96379.62579
31.07.21,4.85E+21,2531.75,12281026.74,3.08E+11,0.214312,660.7782047,91057.57593
01.08.21,3.69E+21,2556.41,9439254.63,2.66E+11,0.206148,547.9351868,87850.88003
02.08.21,4.11E+21,2608.44,10707916.82,2.93E+11,0.209276,612.8837336,88549.31712
03.08.21,4.92E+21,2508.21,12347054.12,1.77E+11,0.21431,378.7687806,101378.1601
04.08.21,4.19E+21,2725.72,11416535.59,4.78E+11,0.217867,1041.816384,252392.6287
05.08.21,3.20E+21,2829.23,9054074.971,5.63E+11,0.219172,1234.093488,297125.1876
06.08.21,1.21E+21,2892.36,3485675.047,6.62E+11,0.217954,1442.881241,219846.1693
07.08.21,1.17E+21,3162.43,3693325.454,2.59E+11,0.224395,581.8301144,153596.4409
08.08.21,1.28E+21,3013.75,3867443.688,2.55E+11,0.213804,544.5245457,194962.124
09.08.21,2.20E+21,3164.94,6958954.244,2.68E+11,0.221671,595.0357716,115018.5154
10.08.21,2.33E+21,3141.67,7325891.18,2.62E+11,0.224856,589.3985715,222048.8885
11.08.21,1.55E+21,3168.24,4912939.993,2.55E+11,0.228411,581.4056422,95007.78328
12.08.21,1.57E+21,3047.29,4782901.749,3.04E+11,0.218702,664.2356038,244234.3519
13.08.21,2.12E+21,3324.26,7047334.833,2.98E+11,0.231251,688.5755426,136574.1132
14.08.21,1.85E+21,3266.71,6050063.104,2.94E+11,0.262234,771.3606727,98896.0549
15.08.21,2.36E+21,3311.12,7807866.805,2.56E+11,0.252123,645.057074,82409.35187
16.08.21,1.31E+21,3147.63,4125798.554,3.04E+11,0.244185,742.2279473,90157.80655
17.08.21,1.42E+21,3011.96,4269443.16,3.02E+11,0.228184,688.9019166,117728.6346
18.08.21,1.41E+21,3013.52,4247768.5,3.58E+11,0.22408,801.846962,101444.4967
19.08.21,2.65E+21,3184.74,8425245.334,3.87E+11,0.237056,917.214489,108818.1983
20.08.21,1.23E+21,3286.5,4055801.205,3.54E+11,0.246799,874.1156951,81032.62874
21.08.21,9.55E+20,3226.59,3080110.328,3.19E+11,0.24284,773.670997,85845.42984
22.08.21,9.01E+20,3241.65,2921699.242,3.21E+11,0.241599,775.0587026,88508.56455
23.08.21,1.26E+21,3322.71,4194430.563,3.17E+11,0.260755,827.8421665,60883.13874
24.08.21,1.61E+21,3172.57,5092850.421,2.89E+11,0.253263,731.0373112,53826.54286
25.08.21,1.72E+21,3228.86,5556637.264,2.44E+11,0.257636,629.7741926,54743.17036
26.08.21,1.68E+21,3093.62,5207556.761,2.32E+11,0.238789,555.077469,74044.41738
27.08.21,2.39E+21,3275.87,7836336.569,2.25E+11,0.254534,572.9840465,67255.72835
28.08.21,2.28E+21,3246.78,7412913.655,2.07E+11,0.260884,540.4989416,54387.10321
29.08.21,2.68E+21,3225.3,8638336.69,2.07E+11,0.25309,524.1310101,48707.67001
30.08.21,2.31E+21,3228.46,7452443.912,2.17E+11,0.245628,533.6119662,43009.58183
31.08.21,2.62E+21,3435.17,8998802.638,2.68E+11,0.251603,673.9233241,53478.27393
01.09.21,3.66E+21,3829.18,14023992.28,2.30E+11,0.264727,607.6284794,96213.02406
02.09.21,1.52E+21,3787.7,5747814.679,2.16E+11,0.27381,591.5911143,63151.90148
03.09.21,2.17E+21,3939.79,8548642.326,2.42E+11,0.28498,690.9198328,57970.6249
04.09.21,1.81E+21,3887.01,7038740.307,2.38E+11,0.31706,755.9549521,66984.75795
05.09.21,1.69E+21,3952.33,6671063.537,2.22E+11,0.307328,683.0463258,51815.5568
06.09.21,1.73E+21,3928.4,6788230.782,2.52E+11,0.311715,785.4499868,65868.94956
07.09.21,7.05E+21,3433.48,24194577.02,2.22E+11,0.271607,604.257888,69772.59324
08.09.21,2.29E+21,3499.69,8030227.091,2.59E+11,0.318931,825.7785556,72373.42278
09.09.21,3.57E+21,3424.24,12215423.46,2.20E+11,0.331358,727.557451,59724.60982
10.09.21,2.25E+21,3209.41,7222726.031,2.25E+11,0.315978,709.9842402,53562.2057
11.09.21,9.75E+20,3266.43,3185920.704,2.01E+11,0.364442,733.7714028,53917.83365
12.09.21,8.57E+20,3405.32,2918033.067,1.67E+11,0.420609,703.6640552,42088.62102
13.09.21,1.89E+21,3285.4,6222458.916,1.64E+11,0.429116,705.186322,40937.46484
14.09.21,2.10E+21,3436.05,7202634.304,1.69E+11,0.455762,768.5543821,46547.71422
15.09.21,1.12E+21,3615.22,4040821.598,1.55E+11,0.505923,786.2550229,59547.10488
16.09.21,1.66E+21,3569.26,5910037.654,1.71E+11,0.478304,818.7086174,51693.44143
17.09.21,1.01E+21,3398.82,3441755.34,1.81E+11,0.42515,770.3028845,53068.86525
18.09.21,7.47E+20,3435.76,2565040.769,1.72E+11,0.430496,740.0188452,48538.25575
19.09.21,2.24E+21,3328.85,7447983.852,1.42E+11,0.396071,561.6246388,59748.65422
20.09.21,1.44E+21,2966.51,4264956.028,1.74E+11,0.335913,585.3310673,64811.49537
21.09.21,1.56E+21,2760.2,4294689.537,1.96E+11,0.306295,599.7016085,87284.85242
22.09.21,1.06E+21,3078.88,3264240.338,2.14E+11,0.367095,784.6827175,100541.7435
23.09.21,2.90E+21,3154.62,9153889.612,2.33E+11,0.383043,891.8609222,79290.79282
24.09.21,1.07E+21,2930.86,3132229.236,1.65E+11,0.35005,578.1783515,93405.68329
25.09.21,6.97E+20,2925.34,2039792.741,1.62E+11,0.342288,555.1529043,109549.4221
26.09.21,1.56E+21,3064.21,4782189.02,1.73E+11,0.334835,580.57593,106262.6171
27.09.21,9.45E+21,2927.73,27663639.44,1.91E+11,0.321129,614.2920593,90362.48961
28.09.21,1.44E+21,2807.44,4052698.819,1.85E+11,0.304183,563.752462,103364.4882
29.09.21,1.07E+21,2850.87,3053932.339,1.94E+11,0.311013,602.8823519,109950.6888
30.09.21,1.54E+21,3000.83,4608337.727,1.80E+11,0.338182,607.4030934,352151.4592
01.10.21,1.10E+21,3310.63,3656877.377,1.81E+11,0.365341,661.9285535,207371.1566
02.10.21,1.15E+21,3389.48,3907194.409,1.66E+11,0.38763,642.5097359,298090.5967
03.10.21,8.10E+20,3420.14,2769109.505,1.58E+11,0.400457,633.0972558,138281.5129
04.10.21,1.25E+21,3384.5,4242662.524,1.53E+11,0.40388,616.213594,87416.6713
05.10.21,2.30E+21,3516.09,8091396.119,1.23E+11,0.400943,492.1067719,106168.2811
06.10.21,1.72E+21,3576.08,6153596.955,1.31E+11,0.380994,499.3376515,101954.9678
07.10.21,2.08E+21,3588.2,7458094.38,1.51E+11,0.377906,569.7107453,100260.7441
08.10.21,1.57E+21,3562.84,5603674.451,1.53E+11,0.373611,570.5175215,105019.8667
09.10.21,8.58E+20,3576.4,3067705.324,1.74E+11,0.370861,646.0261044,102363.7388
10.10.21,1.34E+21,3416.49,4572598.5,1.70E+11,0.343463,584.642143,99164.5471
11.10.21,1.44E+21,3544.14,5112518.027,1.91E+11,0.343729,656.8244717,95783.69289
12.10.21,1.26E+21,3490.61,4380835.792,1.72E+11,0.350232,600.9529083,112336.0902
13.10.21,1.42E+21,3607.55,5137795.057,1.69E+11,0.35857,606.8205251,192196.1287
14.10.21,1.70E+21,3791.23,6445612.298,1.51E+11,0.388454,587.8485083,166357.2895
15.10.21,3.90E+21,3868.16,15091458.04,1.44E+11,0.363343,524.8163115,286413.8014
16.10.21,9.44E+20,3829.61,3615704.35,1.73E+11,0.372379,644.2017022,201744.2039
17.10.21,9.08E+20,3846.66,3491815.541,1.75E+11,0.356195,623.0075538,215413.8126
18.10.21,4.68E+21,3746.14,17548027.81,1.55E+11,0.356895,552.8517986,104566.4674
19.10.21,1.08E+21,3877.45,4172521.878,1.64E+11,0.375543,615.2420389,148134.9886
20.10.21,1.04E+21,4162.49,4324806.381,1.63E+11,0.401451,654.3663113,195790.3138
21.10.21,1.44E+21,4062.76,5869955.286,1.60E+11,0.378349,606.7384175,261062.4227
22.10.21,1.17E+21,3971.95,4646076.169,1.98E+11,0.378554,750.5165727,246241.9294
23.10.21,9.56E+20,4168.96,3984940.431,1.34E+11,0.37985,509.0855984,232723.4954
24.10.21,1.08E+21,4082.08,4413156.422,1.46E+11,0.367573,538.0648159,133982.0592
25.10.21,1.36E+21,4220.26,5746664.39,1.67E+11,0.386773,645.8753815,123662.7657
26.10.21,1.55E+21,4129.95,6420733.021,1.59E+11,0.391563,620.7142268,117193.5146
27.10.21,2.35E+21,3924.31,9207932.421,2.01E+11,0.350109,705.0050835,152925.3728
28.10.21,2.32E+21,4288.22,9944394.49,2.27E+11,0.370969,840.4307243,127730.1001
29.10.21,2.05E+21,4417.4,9061856.726,1.69E+11,0.389371,656.5478055,91212.56507
30.10.21,2.02E+21,4323.94,8736623.655,1.46E+11,0.419025,612.2339291,165338.7018
31.10.21,1.74E+21,4290.1,7463062.669,1.84E+11,0.407031,750.2822539,168182.1467
01.11.21,1.75E+21,4322.79,7574646.396,1.79E+11,0.40031,714.8147071,95913.7048
02.11.21,2.06E+21,4593.15,9471497.1,3.25E+11,0.396606,1288.36882,119953.1285
03.11.21,1.97E+21,4604.4,9057433.007,3.48E+11,0.390604,1360.109409,108975.7788
04.11.21,1.71E+21,4536.99,7767460.02,3.08E+11,0.395586,1217.242209,186252.0306
05.11.21,1.64E+21,4480.09,7329807.077,2.23E+11,0.39168,874.0364885,84008.06761
06.11.21,1.50E+21,4521.41,6798170.958,2.72E+11,0.385605,1049.979347,80489.22585
07.11.21,1.18E+21,4617.13,5452573.384,2.83E+11,0.394764,1116.070397,90284.13424
08.11.21,1.82E+21,4810.97,8737646.961,2.23E+11,0.422225,942.7855728,124369.3476
09.11.21,1.84E+21,4732.07,8713219.507,1.92E+11,0.425676,818.5826537,112986.5939
10.11.21,1.98E+21,4632.98,9151178.326,2.19E+11,0.408401,892.9687557,111350.1476
11.11.21,1.91E+21,4722.68,9025199.334,2.34E+11,0.433941,1016.713592,131027.5313
12.11.21,1.64E+21,4668.7,7637082.009,2.85E+11,0.451605,1285.247004,112073.4862
13.11.21,1.42E+21,4645.64,6609558.372,2.17E+11,0.437442,947.862192,96810.6721
14.11.21,1.27E+21,4627.5,5879397.42,2.19E+11,0.438342,960.4668132,112617.5666
15.11.21,1.82E+21,4561.38,8297672.222,1.95E+11,0.425693,829.4228866,109000.5215
16.11.21,1.90E+21,4210.14,7987581.602,2.00E+11,0.395394,790.0241372,105940.5651
17.11.21,1.41E+21,4289.75,6047811.894,2.41E+11,0.406904,979.8761217,111251.5107
18.11.21,1.63E+21,3998.17,6514003.216,2.35E+11,0.357728,841.8634842,112409.7245
19.11.21,1.32E+21,4299.27,5668918.089,2.49E+11,0.380118,947.0211537,123595.8181
20.11.21,1.09E+21,4415.72,4824855.561,2.56E+11,0.388151,993.3438613,134818.9362
21.11.21,1.19E+21,4264.61,5065935.104,2.63E+11,0.385543,1012.831717,98444.17517
22.11.21,1.57E+21,4090.46,6404542.823,2.78E+11,0.3633,1009.154499,110595.5707
23.11.21,1.68E+21,4341.17,7289228.649,2.63E+11,0.370392,973.4882841,112794.902
24.11.21,1.59E+21,4271.96,6771797.03,2.88E+11,0.359609,1036.249814,124694.6473
25.11.21,1.48E+21,4523.8,6698230.414,2.57E+11,0.347042,892.1966023,284208.3974
26.11.21,1.56E+21,4042.55,6324226.265,2.71E+11,0.32155,869.9261729,127806.5661
27.11.21,2.14E+21,4100.3,8760207.274,2.90E+11,0.331407,960.4822843,159961.9306
28.11.21,1.32E+21,4297.92,5689983.705,2.77E+11,0.332423,921.3831184,134863.1897
29.11.21,1.39E+21,4448.49,6180790.591,3.18E+11,0.356113,1133.105017,130050.786
30.11.21,2.22E+21,4642.38,10293692.96,2.98E+11,0.349078,1038.690503,112674.4395
01.12.21,1.38E+21,4580.57,6340892.26,2.84E+11,0.351431,997.9342944,102064.9278
02.12.21,1.61E+21,4514.8,7247711.905,2.21E+11,0.338999,747.509067,93864.76605
03.12.21,1.21E+21,4219.32,5115082.187,2.17E+11,0.315436,684.0367904,87282.80599
04.12.21,1.86E+21,4124.26,7672733.77,2.73E+11,0.28586,781.1825162,149016.0766
05.12.21,1.26E+21,4201.09,5314037.109,2.54E+11,0.275542,698.6085149,68925.85931
06.12.21,1.33E+21,4357.17,5773574.982,2.47E+11,0.280202,690.8229372,57669.51541
07.12.21,1.14E+21,4309.7,4896726.169,2.14E+11,0.273719,585.0234681,76944.61222
08.12.21,1.02E+21,4439.98,4534603.357,3.35E+11,0.280236,939.7226685,105878.7102
09.12.21,1.12E+21,4111.92,4611437.102,2.69E+11,0.251913,677.7033369,86138.834
10.12.21,1.46E+21,3902.49,5681624.821,3.05E+11,0.236944,722.3968952,81285.65586
11.12.21,8.79E+20,4088.68,3592198.026,3.98E+11,0.253571,1007.983994,88153.92494
12.12.21,8.31E+20,4135.31,3435137.585,4.86E+11,0.255919,1242.73721,70746.52372
13.12.21,1.50E+21,3785.08,5671622.809,4.14E+11,0.225581,934.6246539,73743.8964
14.12.21,1.13E+21,3862.18,4373595.363,4.54E+11,0.225011,1020.727576,90693.20851
15.12.21,1.09E+21,4020.19,4387505.259,3.87E+11,0.256516,993.9940664,100384.608
16.12.21,1.01E+21,3957.03,3978102.158,2.76E+11,0.261241,722.0821428,107220.1814
17.12.21,2.12E+21,3876.37,8219575.146,3.70E+11,0.251627,930.4558791,106521.5679
18.12.21,7.38E+20,3961.96,2925333.648,3.37E+11,0.309164,1041.259144,84865.63799
19.12.21,1.53E+21,3924.55,5987788.308,2.73E+11,0.323593,883.808042,63631.74062
20.12.21,1.19E+21,3945.57,4680240.56,3.51E+11,0.304088,1067.146809,59171.65828
21.12.21,8.41E+20,4017.7,3377686.058,3.73E+11,0.308711,1152.342304,79784.71256
22.12.21,9.37E+20,3982.7,3730317.563,3.54E+11,0.318735,1128.147872,91942.58627
23.12.21,1.39E+21,4112.35,5732188.869,3.47E+11,0.328932,1140.661313,116771.1332
24.12.21,1.09E+21,4047.87,4401069.354,2.15E+11,0.309976,665.3234731,103861.9372
25.12.21,7.87E+20,4109.25,3235239.78,2.13E+11,0.315142,672.478375,86590.71903
26.12.21,6.34E+20,4063.44,2575527.646,2.70E+11,0.318978,861.2495931,73201.06066
27.12.21,8.82E+20,4037.87,3561421.243,3.01E+11,0.313132,943.8585689,91132.62209
28.12.21,1.12E+21,3793.54,4265823.496,3.19E+11,0.290914,928.5510459,97332.6579
29.12.21,1.28E+21,3629.31,4630803.856,2.97E+11,0.282472,839.5397823,112459.0674
30.12.21,1.09E+21,3710.08,4057455.268,3.13E+11,0.297746,931.8987206,136673.8367
31.12.21,8.81E+20,3675.79,3238435.021,2.41E+11,0.290543,700.4529096,116770.4596
01.01.22,7.47E+20,3766.74,2814526.875,1.88E+11,0.30089,564.3747297,123893.0295
02.01.22,9.06E+20,3830.92,3470578.78,1.06E+11,0.312153,331.3988861,88607.07496
03.01.22,8.99E+20,3765.16,3384844.681,2.11E+11,0.3065,645.6885114,100099.0083
04.01.22,1.25E+21,3785.67,4715991.323,1.82E+11,0.325898,592.1385978,136607.2597
05.01.22,1.49E+21,3536.77,5253347.249,1.88E+11,0.288261,542.9880567,131188.0925
06.01.22,1.13E+21,3406.48,3846887.821,3.25E+11,0.294404,955.5131778,139192.9198
07.01.22,1.52E+21,3196.47,4866458.919,5.68E+11,0.272412,1547.784716,147639.7404
08.01.22,1.10E+21,3080.81,3397892.383,3.20E+11,0.2655,850.742692,146775.6091
09.01.22,1.18E+21,3150.83,3732722.043,3.74E+11,0.272505,1020.449974,134483.6654
10.01.22,1.45E+21,3083.68,4479039.864,2.86E+11,0.26099,746.189146,167092.7855
11.01.22,1.33E+21,3240.32,4323532.986,3.10E+11,0.274771,850.5316379,175433.4934
12.01.22,2.56E+21,3373.03,8634265.178,2.27E+11,0.295694,672.3033371,197327.2093
13.01.22,1.16E+21,3242.26,3749289.325,3.47E+11,0.277637,963.3002212,189895.6354
14.01.22,1.47E+21,3309.66,4851148.405,3.28E+11,0.281215,921.1479493,184007.97
15.01.22,1.40E+21,3328.63,4646455.747,4.88E+11,0.280237,1366.845083,192051.1129
16.01.22,9.23E+20,3349.61,3090673.902,4.73E+11,0.27933,1320.526871,157769.325
17.01.22,2.03E+21,3210.9,6510874.165,6.47E+11,0.270215,1747.043217,188434.2027
18.01.22,1.34E+21,3161.5,4241186.437,4.04E+11,0.26624,1075.709911,375461.3383
19.01.22,1.35E+21,3084.78,4171192.589,4.09E+11,0.267214,1092.670924,537145.6772
20.01.22,2.01E+21,3002.43,6040870.728,3.49E+11,0.259955,906.3786153,650894.0762
21.01.22,1.71E+21,2569.59,4399839.5,3.22E+11,0.234354,754.1832504,943076.5827
22.01.22,1.56E+21,2412.23,3761186.687,3.56E+11,0.220937,786.5972544,1045922.572
23.01.22,8.74E+20,2541.6,2222264.932,3.57E+11,0.222223,793.7494772,1005494.189
24.01.22,1.61E+21,2442.27,3943464.884,4.90E+11,0.206753,1013.672514,837304.8144
25.01.22,1.50E+21,2459.65,3693565.109,7.43E+11,0.211686,1572.839485,786269.7787
26.01.22,1.16E+21,2464.13,2860702.854,5.81E+11,0.21232,1233.424376,1023554.856
27.01.22,1.17E+21,2425.83,2839581.451,5.53E+11,0.208143,1151.538933,1010384.5
28.01.22,1.09E+21,2547.03,2781619.138,5.79E+11,0.216193,1251.174553,1188871.133
29.01.22,1.18E+21,2603.1,3079813.842,4.09E+11,0.221884,906.4361004,995706.5878
30.01.22,2.64E+21,2603.24,6863074.196,4.16E+11,0.218398,909.2776187,1017248.514
31.01.22,9.89E+20,2689.14,2660872.876,4.96E+11,0.221887,1100.463927,841611.425
01.02.22,1.45E+21,2790.15,4043195.492,2.91E+11,0.229315,668.2467327,913264.4977
02.02.22,1.58E+21,2681.11,4248681.373,3.02E+11,0.22135,668.6896741,1208579.306
03.02.22,1.12E+21,2697.18,3030861.471,4.20E+11,0.236876,995.7379752,1383754.733
04.02.22,9.45E+20,2997.18,2833046.458,3.44E+11,0.248163,853.090506,1389489.638
05.02.22,6.67E+21,3015.26,20120600.49,3.13E+11,0.258825,809.3063142,1078938.608
06.02.22,7.85E+20,3057.68,2399593.571,2.55E+11,0.258038,658.6282505,845472.8752
07.02.22,1.05E+21,3141.38,3301700.653,2.70E+11,0.261858,707.029536,692203.5202
08.02.22,8.77E+20,3118.76,2734236.9,3.14E+11,0.254038,796.5471222,547248.9764
09.02.22,1.04E+21,3246.72,3380187.177,2.68E+11,0.256891,688.450952,559823.5631
10.02.22,2.69E+21,3074.84,8279169.613,2.93E+11,0.246996,723.9743053,611324.9646
11.02.22,9.06E+20,2928.93,2654123.774,2.57E+11,0.233552,600.8542062,596976.1777
12.02.22,7.45E+20,2918.34,2174850.38,3.06E+11,0.23118,707.0464691,745100.4654
13.02.22,7.44E+20,2872.44,2137215.489,3.02E+11,0.227536,687.8309485,674102.3909
14.02.22,8.99E+20,2931.12,2636452.43,4.01E+11,0.241929,969.6723621,645688.4065
15.02.22,1.80E+21,3185.81,5728998.948,2.64E+11,0.259049,682.7170843,581095.0135
16.02.22,1.16E+21,3124.33,3620042.462,2.31E+11,0.261752,604.5182008,907680.4124
17.02.22,9.19E+20,2894.42,2658718.882,2.56E+11,0.234531,600.3767696,1167241.599
18.02.22,7.34E+20,2780.72,2039854.949,2.51E+11,0.229626,576.9622815,1401799.626
19.02.22,1.17E+21,2764.5,3223753.972,3.15E+11,0.232526,733.2554344,3076301.728
20.02.22,1.51E+21,2622.7,3948147.553,3.82E+11,0.215727,824.1257222,3665204.662
21.02.22,7.86E+20,2570.15,2020036.023,4.12E+11,0.200703,826.8827561,3253079.525
22.02.22,9.41E+20,2638.81,2482361.533,4.27E+11,0.234847,1003.086148,3345054.195
23.02.22,2.47E+21,2580.97,6363565.039,3.14E+11,0.218936,687.6975146,3985849.061
24.02.22,9.64E+20,2597.94,2503422.958,3.11E+11,0.216051,672.7380452,4617074.39
25.02.22,1.17E+21,2769,3229935.183,2.88E+11,0.224611,646.3140678,3568895.695
26.02.22,1.31E+21,2780.32,3641001.844,2.62E+11,0.223463,586.4583383,2931528.138
27.02.22,6.68E+20,2617.32,1747986.547,2.74E+11,0.210067,575.5915124,3340191.216
28.02.22,8.74E+20,2919.85,2551035.012,4.04E+11,0.230058,928.802949,3040936.899
01.03.22,7.29E+20,2976.59,2171146.185,2.92E+11,0.226886,662.2667069,2847676.896
02.03.22,7.05E+20,2948.63,2077650.301,3.05E+11,0.223204,681.0534426,2341882.256
03.03.22,7.37E+20,2833.71,2089479.566,2.77E+11,0.221291,613.6951666,2120314.928
04.03.22,6.61E+20,2622.51,1733270.326,3.40E+11,0.205539,699.4975843,2180992.015
05.03.22,5.82E+20,2666.18,1552349.501,3.34E+11,0.210644,702.826332,1936052.483
06.03.22,6.24E+20,2552.58,1593597.454,2.78E+11,0.202762,564.2271257,2044244.088
07.03.22,8.69E+20,2496.67,2170075.186,2.91E+11,0.206794,601.1338365,1388953.601
08.03.22,1.44E+21,2579.18,3710383.481,2.56E+11,0.204938,524.617074,1196331.822
09.03.22,5.96E+20,2733.05,1629420.636,2.65E+11,0.212987,564.9673934,1416754.991
10.03.22,6.40E+20,2608.64,1669846.175,3.90E+11,0.216653,845.283678,1372449.454
11.03.22,6.18E+20,2557.57,1579664.138,3.64E+11,0.206006,749.2935536,1107541.102
12.03.22,5.08E+20,2569.87,1304905.609,3.24E+11,0.20612,667.3875123,1005335.419
13.03.22,1.10E+21,2516.83,2773680.235,2.72E+11,0.199823,543.9512915,905523.8708
14.03.22,6.44E+20,2591.45,1669802.041,3.19E+11,0.203569,650.1032926,1093425.55
15.03.22,6.03E+20,2619.61,1578827.081,3.14E+11,0.200336,629.4569996,1491805.687
16.03.22,6.86E+20,2775.15,1903748.69,5.00E+11,0.204499,1023.284634,1130320.586
17.03.22,1.64E+21,2816.26,4616680.392,3.58E+11,0.20548,736.3261396,1187599.525
18.03.22,1.79E+21,2941.32,5252619.208,2.87E+11,0.20814,597.6025485,1591368.735
19.03.22,5.41E+20,2952.64,1597719.667,2.47E+11,0.210322,519.900767,1103208.665
20.03.22,6.05E+20,2861.26,1730485.565,2.32E+11,0.208769,483.459173,861528.8541
21.03.22,6.03E+20,2895.01,1747116.147,2.44E+11,0.211513,515.6297156,699124.1289
22.03.22,7.58E+20,2970.47,2252722.159,2.56E+11,0.214442,549.7751956,606950.8025
23.03.22,5.75E+20,3032.98,1743193.826,2.55E+11,0.218585,557.4089179,726661.5536
24.03.22,6.86E+20,3112.85,2136918.674,2.48E+11,0.220345,546.1482651,639483.4293
25.03.22,5.95E+20,3104.04,1847322.501,2.93E+11,0.223265,653.7012856,532669.9567
26.03.22,4.91E+20,3146.36,1544698.343,3.41E+11,0.226543,773.2709814,616354.5513
27.03.22,2.17E+21,3296.46,7143642.533,6.36E+11,0.242677,1543.32234,648267.908
28.03.22,2.35E+21,3334.29,7829317.828,4.40E+11,0.236134,1039.608673,524217.4929
29.03.22,8.67E+20,3402.62,2948414.736,4.17E+11,0.254919,1062.157859,556208.1234
30.03.22,6.84E+20,3385.11,2314245.068,1.06E+12,0.25346,2695.94096,531053.7327
31.03.22,7.12E+20,3282.78,2338091.807,4.19E+11,0.23564,988.3561821,590744.8483
01.04.22,7.60E+20,3455.72,2626571.687,2.92E+11,0.246053,719.1240022,588874.3593
02.04.22,1.46E+21,3444.68,5026591.626,2.14E+11,0.244917,523.3583444,564296.0742
03.04.22,1.07E+21,3522.49,3775277.849,2.53E+11,0.248534,628.4723211,661643.4567
04.04.22,7.89E+20,3520.15,2776137.767,2.77E+11,0.238464,660.6663708,700179.9593
05.04.22,3.16E+21,3406.48,10754636.85,2.88E+11,0.226944,653.5691604,616670.7072
06.04.22,7.48E+20,3168.91,2368831.249,2.54E+11,0.210583,534.139563,660081.6296
07.04.22,1.48E+21,3229.28,4790336.366,2.37E+11,0.223169,528.8519101,622773.0927
08.04.22,6.55E+20,3192.92,2090605.961,1.43E+12,0.208261,2986.505881,494622.1629
09.04.22,4.96E+20,3259.62,1616867.151,6.85E+11,0.213954,1466.543036,535393.8112
10.04.22,1.22E+21,3202.89,3901348.49,9.07E+11,0.209382,1898.286466,522423.4549
11.04.22,6.60E+20,2979.52,1965367.299,7.42E+11,0.194819,1446.063965,461275.1295
12.04.22,6.29E+20,3028.77,1904457.132,7.32E+11,0.198641,1453.465221,473991.219
13.04.22,6.27E+20,3118.5,1956364.675,3.83E+11,0.203318,778.0797857,491915.4996
14.04.22,7.31E+20,3021.76,2209330.956,3.52E+11,0.19605,689.5916387,637849.0949
15.04.22,5.00E+20,3041.21,1519201.69,3.22E+11,0.200025,643.2033209,496921.4127
16.04.22,1.05E+21,3060.28,3215111.337,3.22E+11,0.198267,637.6782573,628360.9222
17.04.22,7.18E+20,2988.4,2146803.057,2.83E+11,0.192598,544.5385661,435491.946
18.04.22,6.30E+20,3056.2,1926207.062,3.10E+11,0.194795,604.6171356,479048.189
19.04.22,6.83E+20,3102.52,2118196.387,3.02E+11,0.199493,601.6098933,538505.0111
20.04.22,8.85E+20,3077.74,2724057.556,3.01E+11,0.196228,590.300087,420972.665
21.04.22,6.70E+20,2984.24,2000008.08,3.43E+11,0.190962,655.0173461,458281.9791
22.04.22,1.08E+21,2963.17,3207184.464,3.34E+11,0.189771,634.3173839,377810.9553
23.04.22,4.65E+20,2933.65,1364569.014,2.93E+11,0.187487,549.8324791,364028.1003
24.04.22,5.28E+20,2922.37,1544065.205,2.84E+11,0.185615,526.6139857,271201.0375
25.04.22,7.42E+20,3006.45,2231995.806,2.84E+11,0.181847,516.2632774,260462.59
26.04.22,5.63E+20,2809.6,1582480.678,2.90E+11,0.167501,486.5042744,357865.4027
27.04.22,9.28E+20,2889.72,2682921.977,2.53E+11,0.169362,428.7385646,270279.065
28.04.22,9.17E+20,2936.49,2692441.587,2.90E+11,0.169882,491.9208315,258497.0772
29.04.22,8.06E+20,2817.23,2269516.673,2.85E+11,0.159183,454.3450073,240302.1188
30.04.22,6.49E+20,2727.87,1771268.255,3.50E+11,0.141268,493.8910158,252466.0142
01.05.22,1.00E+22,2826.04,28342787.4,2.71E+11,0.146309,396.3661019,171682.4066
02.05.22,7.02E+20,2856.12,2004576.374,2.75E+11,0.139919,384.9078036,195492.2768
03.05.22,5.53E+20,2780.63,1538821.973,3.01E+11,0.139083,419.2380307,209472.2887
04.05.22,6.29E+20,2940.31,1848946.174,3.77E+11,0.151267,569.5527649,211831.346
05.05.22,1.35E+21,2747.28,3711422.891,6.60E+11,0.13598,897.2642947,247886.9275
06.05.22,1.49E+21,2692.08,4006710.544,4.27E+11,0.134034,571.6560161,230198.2913
07.05.22,4.00E+20,2635.19,1054846.065,3.99E+11,0.130431,519.9669412,244775.779
08.05.22,4.97E+20,2519.08,1252192.898,3.36E+11,0.127649,429.2863485,198116.8026
09.05.22,9.70E+20,2230.95,2163857.181,3.97E+11,0.107251,425.2988036,174667.2063
10.05.22,1.04E+21,2341.58,2431445.607,4.24E+11,0.11507,488.2828782,211318.9551
11.05.22,2.11E+21,2077.83,4380754.511,5.54E+11,0.090613,501.6093881,161890.1557
12.05.22,2.69E+21,1952.81,5261565.225,6.11E+11,0.086879,530.4118617,163867.3922
13.05.22,9.31E+20,2006.51,1868899.543,5.14E+11,0.096372,495.6356126,149113.902
14.05.22,8.22E+20,2054.03,1688645.689,5.28E+11,0.101803,537.3964507,139133.8358
15.05.22,5.42E+20,2143.12,1162223.05,4.91E+11,0.107781,528.7068177,110798.0297
16.05.22,6.19E+20,2020.12,1251296.635,4.84E+11,0.102384,495.6961952,95086.24377
17.05.22,5.86E+20,2089.29,1223280.091,4.31E+11,0.108624,467.6977177,118687.8345
18.05.22,5.47E+20,1911.68,1045160.714,5.24E+11,0.099739,522.2517944,138158.7744
19.05.22,6.17E+20,2017.78,1244498.65,4.79E+11,0.104026,498.453345,107253.0724
20.05.22,5.35E+20,1956.88,1046903.448,5.01E+11,0.099936,500.9997277,186240.6252
21.05.22,6.11E+20,1972.18,1205628.964,4.58E+11,0.101357,463.7265083,130494.6841
22.05.22,4.15E+20,2041.08,846952.1483,3.54E+11,0.104482,369.9312826,93436.58009
23.05.22,5.07E+20,1970.7,998461.4664,4.21E+11,0.098464,414.5621526,113176.7542
24.05.22,5.22E+20,1977.85,1032269.001,3.88E+11,0.099339,384.9703328,122674.0665
25.05.22,5.29E+20,1941.04,1027375.023,4.18E+11,0.097591,407.726832,121710.7198
26.05.22,6.78E+20,1791,1213991.037,5.10E+11,0.091042,464.393286,140326.3838
27.05.22,6.44E+20,1724.73,1109956.309,4.04E+11,0.087124,352.133529,187146.0915
28.05.22,4.12E+20,1790.79,738535.5642,3.58E+11,0.089221,319.5831188,218907.2063
29.05.22,4.06E+20,1811.69,734649.3583,3.48E+11,0.090542,315.409425,159395.6422
30.05.22,5.63E+20,1997.64,1124386.357,4.12E+11,0.097543,401.7705364,156666.2113
31.05.22,9.29E+20,1940.59,1803453.001,3.28E+11,0.094437,309.5407155,170882.8264
01.06.22,5.87E+20,1817.42,1067706.287,4.29E+11,0.089872,385.8570851,181009.8955
02.06.22,4.81E+20,1833.26,882628.9782,4.65E+11,0.092377,429.7019368,221659.1063
03.06.22,5.29E+20,1773.59,938742.3856,1.16E+12,0.088729,1027.766473,252467.6449
04.06.22,7.16E+20,1803.65,1292122.346,4.06E+11,0.090321,366.2669844,274643.9482
05.06.22,5.09E+20,1804.7,919425.3803,4.63E+11,0.093465,432.2979604,210484.367
06.06.22,6.21E+20,1858.56,1153945.625,3.65E+11,0.096712,353.4017927,222223.0073
07.06.22,7.11E+20,1812.7,1288563.81,4.73E+11,0.090962,430.2711888,251638.0917
08.06.22,6.51E+20,1791.03,1165783.603,4.54E+11,0.0881,400.3053832,336559.7531
09.06.22,7.60E+20,1787.71,1357873.812,5.31E+11,0.086705,460.6932996,281240.0196
10.06.22,7.53E+20,1661.1,1250162.947,4.06E+11,0.081161,329.7995704,306557.5808
11.06.22,6.55E+20,1530.28,1001875.879,4.33E+11,0.077841,336.8553367,313160.3577
12.06.22,6.13E+20,1434.02,879375.1682,4.65E+11,0.069879,324.8852828,354473.2835
13.06.22,1.69E+21,1209.12,2044772.973,6.10E+11,0.0656,400.047735,376845.4102
14.06.22,1.15E+21,1206.94,1390225.811,5.43E+11,0.067406,366.1776814,379624.7852
15.06.22,1.13E+21,1236.89,1397952.05,5.08E+11,0.071798,364.9788473,298389.0965
16.06.22,6.59E+20,1067.1,702968.5313,5.67E+11,0.06511,368.9843703,327129.5181
17.06.22,7.65E+20,1085.21,830009.5086,5.07E+11,0.068219,345.7067763,443048.6904
18.06.22,1.03E+21,994.41,1022009.777,6.33E+11,0.06228,394.0100748,427953.0882
19.06.22,8.63E+20,1127.03,972954.0923,5.50E+11,0.066471,365.3471379,350035.3906
20.06.22,6.04E+20,1126.99,680166.9669,4.19E+11,0.070846,296.8319907,303015.3148
21.06.22,6.57E+20,1124.71,739294.9561,4.31E+11,0.07337,316.3501929,333861.1233
22.06.22,5.57E+20,1048.3,584267.049,3.86E+11,0.070162,270.7460786,371135.8631
23.06.22,6.51E+20,1143.46,744283.6861,4.49E+11,0.073241,328.6462392,392524.6543
24.06.22,7.08E+20,1224.12,866140.2828,1.82E+12,0.073917,1348.684537,533551.3921
25.06.22,4.57E+20,1241,566582.7133,3.35E+11,0.074306,249.0544336,489202.9378
26.06.22,4.52E+20,1198.25,541187.7072,3.72E+11,0.068768,256.0987856,340780.4965
27.06.22,5.76E+20,1190.73,686062.9467,3.85E+11,0.070072,269.4851443,380762.0635
28.06.22,6.87E+20,1142.41,784491.6545,4.57E+11,0.065893,301.2101092,485541.4632
29.06.22,9.62E+20,1098.71,1056865.245,4.70E+11,0.064546,303.0880949,475247.3877
30.06.22,8.22E+20,1069.53,878949.7233,4.41E+11,0.063238,278.7097431,507514.0418